customerid,issue_type,resolved,calls_last_90d,unresolved_calls_90d,avg_resolution_time,resolved_char
4979-HPRFL,Other,No,0,1,18.0,1
8592-PLTMQ,Billing,No,0,1,36.0,1
1169-WCVAK,Technical,No,0,1,21.0,1
0928-XUTSN,Technical,No,0,1,53.0,1
4626-GYCZP,Contract,Yes,0,0,29.0,2
0426-TIRNE,Technical,No,0,1,51.0,1
0939-EREMR,Contract,No,0,1,26.0,1
4797-AXPXK,Technical,No,0,1,54.0,1
1485-YDHMM,Contract,No,1,1,21.5,2
1106-HRLKZ,Other,No,0,1,50.0,1
9742-XOKTS,Technical,No,0,1,32.0,1
0795-GMVQO,Other,Yes,0,0,5.0,1
4032-RMHCI,Billing,Yes,0,0,7.0,1
0141-YEAYS,Other,Yes,0,0,38.0,1
3512-IZIKN,Technical,No,0,1,6.0,1
4847-QNOKA,Billing,Yes,0,0,18.0,1
5356-RHIPP,Contract,Yes,0,0,9.0,1
0795-GMVQO,Technical,No,0,1,6.0,1
4929-BSTRX,Contract,Yes,0,0,42.0,1
9558-IHEZX,Billing,No,0,1,24.0,1
3457-PQBYH,Billing,No,0,1,50.0,1
0562-HKHML,Technical,No,0,1,9.0,1
8314-HTWVE,Billing,Yes,0,0,51.0,1
2378-YIZKA,Contract,Yes,0,0,54.0,1
3797-FKOGQ,Contract,No,0,1,38.0,1
4026-SKKHW,Billing,No,1,0,38.0,1
7471-MQPOS,Other,No,0,1,40.0,1
8902-ZEOVF,Billing,No,0,2,41.5,2
9571-EDEBV,Billing,No,0,1,44.0,1
1899-VXWXM,Technical,Yes,0,0,10.0,1
6231-WFGFH,Other,No,0,1,28.0,1
4979-HPRFL,Contract,No,0,1,56.0,1
4945-RVMTE,Technical,Yes,0,0,27.0,1
6243-OZGFH,Technical,No,0,1,26.0,1
0432-CAJZV,Billing,No,0,1,31.0,1
3096-WPXBT,Contract,Yes,0,0,28.0,1
5899-OUVKV,Contract,Yes,0,0,15.0,1
0480-KYJVA,Technical,No,1,0,36.0,1
4566-NECEV,Other,Yes,1,0,43.33,3
7711-GQBZC,Other,Yes,0,0,49.0,1
6476-EPYZR,Billing,No,0,1,29.0,1
4007-NHVHI,Other,No,1,0,19.0,1
8190-ZTQFB,Contract,Yes,0,0,54.5,2
6016-NXBNJ,Other,No,0,1,33.0,1
4776-XSKYQ,Contract,Yes,0,0,38.0,1
3315-IKYZQ,Other,No,0,1,55.0,1
4367-NHWMM,Contract,Yes,0,0,59.0,1
0278-YXOOG,Billing,Yes,0,0,45.0,1
8905-IAZPF,Technical,No,1,0,46.0,1
3850-OKINF,Billing,No,1,1,36.0,2
9025-ZRPVR,Contract,Yes,0,0,45.0,1
4184-TJFAN,Billing,No,0,1,55.0,1
2995-UPRYS,Contract,Yes,1,0,27.0,1
2378-YIZKA,Technical,Yes,1,0,20.0,1
7812-FZHPE,Other,No,1,0,32.0,1
2452-SNHFZ,Billing,Yes,0,0,25.0,1
2077-DDHJK,Other,Yes,0,0,28.0,1
5876-HZVZM,Contract,Yes,0,0,53.0,1
6668-CNMFP,Contract,Yes,0,0,11.0,1
3097-IDVPU,Technical,Yes,1,0,25.0,1
2587-YNLES,Technical,Yes,1,0,28.0,1
2359-QWQUL,Contract,Yes,0,0,43.0,1
1353-LJWEM,Billing,No,0,2,24.0,2
0420-HLGXF,Other,No,0,1,7.0,1
7758-XKCBS,Contract,No,0,1,21.0,1
8183-ONMXC,Technical,No,0,3,52.0,3
6821-BUXUX,Contract,No,1,0,40.0,1
2984-RGEYA,Technical,Yes,0,0,24.0,1
6791-YBNAK,Other,No,0,1,52.0,1
8722-PRFDV,Technical,Yes,0,0,12.0,1
5804-HYIEZ,Contract,No,0,1,27.0,1
6946-LMSQS,Technical,Yes,0,0,19.0,1
9206-GVPEQ,Billing,Yes,0,0,34.0,2
7026-YMSBE,Technical,Yes,1,0,9.0,1
2162-FRZAA,Contract,No,0,1,39.0,1
2251-PYLPB,Other,Yes,0,0,38.0,1
0947-IDHRQ,Billing,No,0,1,33.0,1
1971-DTCZB,Other,Yes,0,0,56.0,1
1833-VGRUM,Other,Yes,0,0,18.0,1
6094-ZIVKX,Contract,No,1,2,32.5,2
8639-NHQEI,Other,Yes,0,0,26.0,1
5753-QQWPW,Contract,Yes,1,0,39.0,2
3824-RHKVR,Other,No,0,1,14.0,1
6614-YWYSC,Contract,No,1,0,52.0,1
5268-DSMNQ,Technical,No,1,0,54.0,1
0384-RVBPI,Contract,No,1,0,39.0,1
0423-UDIJQ,Technical,No,0,1,19.0,1
9715-WZCLW,Contract,No,0,1,41.0,1
8681-ICONS,Technical,No,0,2,40.5,2
9503-XJUME,Technical,Yes,1,0,10.0,1
1307-ATKGB,Contract,Yes,1,0,48.0,1
9637-EIHEQ,Contract,Yes,0,0,52.0,1
2452-SNHFZ,Other,Yes,0,0,45.0,2
6532-YLWSI,Technical,No,0,1,20.0,1
4652-ODEVH,Other,No,1,0,35.0,1
3865-YIOTT,Billing,Yes,0,0,19.0,1
4690-LLKUA,Other,Yes,0,0,48.0,1
5565-FILXA,Billing,Yes,0,0,40.0,2
2533-TIBIX,Technical,No,0,2,12.0,2
8914-RBTSB,Technical,Yes,1,0,56.0,1
7878-JGDKK,Contract,No,0,2,12.0,2
7711-GQBZC,Billing,Yes,0,0,60.0,1
3261-CQXOL,Billing,Yes,0,0,10.0,1
6258-NGCNG,Contract,Yes,1,0,35.0,2
7853-WNZSY,Billing,Yes,0,0,42.0,1
6646-VRFOL,Billing,No,0,1,23.0,1
1666-JZPZT,Other,Yes,0,0,37.0,1
9399-APLBT,Billing,No,0,1,57.0,1
8799-OXZMD,Other,Yes,0,0,7.0,1
9411-TPQQV,Technical,No,0,1,36.0,1
0562-HKHML,Other,Yes,0,0,16.0,1
0562-FGDCR,Contract,Yes,0,0,59.0,1
3217-FZDMN,Technical,No,1,0,30.0,1
1907-UBQFC,Other,No,0,1,39.0,1
5527-ACHSO,Technical,No,0,1,18.0,1
3404-JNXAX,Technical,No,1,0,23.0,1
7815-PDTHL,Technical,No,0,2,33.5,2
7336-RLLRH,Billing,No,0,1,14.0,1
4770-UEZOX,Billing,No,0,1,50.0,1
0103-CSITQ,Contract,Yes,1,0,60.0,1
4187-CINZD,Other,Yes,0,0,20.0,1
6402-SSEJG,Technical,No,0,1,45.0,1
1057-FOGLZ,Other,No,0,1,57.0,1
0439-IFYUN,Other,No,0,1,40.0,1
5016-LIPDW,Other,No,0,1,20.0,1
1063-DHQJF,Contract,No,0,1,9.0,1
0147-ESWWR,Contract,Yes,0,0,49.0,1
0032-PGELS,Billing,No,1,0,20.0,1
5419-JKZNQ,Other,No,0,1,22.0,1
6518-KZXCB,Billing,Yes,1,0,22.0,2
6896-SRVYQ,Technical,Yes,0,0,45.0,2
4018-PPNDW,Other,No,1,2,21.0,2
9537-JALFH,Other,Yes,0,0,23.0,2
7299-GNVPL,Billing,Yes,1,0,39.0,1
5389-FFVKB,Contract,Yes,0,0,42.0,1
8563-OYMQY,Contract,No,0,1,14.0,1
8263-JQAIK,Other,Yes,0,0,54.0,1
7657-DYEPJ,Technical,Yes,0,0,58.0,1
3707-GNWHM,Technical,No,1,0,53.0,1
8780-RSYYU,Contract,No,0,1,56.0,1
2378-YIZKA,Other,No,0,1,37.0,1
2977-CEBSX,Technical,Yes,0,0,49.0,1
6668-CNMFP,Technical,No,1,1,50.5,2
5961-VUSRV,Contract,Yes,0,0,44.0,1
8071-SBTRN,Contract,No,0,1,10.0,1
9993-LHIEB,Billing,No,1,0,9.0,1
4381-MHQDC,Technical,No,1,0,30.0,1
7602-MVRMB,Other,Yes,0,0,26.0,1
9708-KFDBY,Other,No,0,1,16.0,1
9025-ZRPVR,Technical,Yes,0,0,40.0,1
2959-MJHIC,Other,Yes,0,0,48.0,1
4455-BFSPD,Technical,Yes,0,0,15.0,1
2480-SQIOB,Other,Yes,0,0,34.33,3
9906-NHHVC,Contract,Yes,0,0,39.0,1
4423-JWZJN,Other,Yes,0,0,60.0,1
7030-NJVDP,Technical,No,0,1,16.0,1
9386-LDCZR,Other,Yes,0,0,53.0,1
3871-IKPYH,Technical,No,0,2,32.0,2
1895-QTKDO,Contract,No,1,0,36.0,1
5934-TSSAU,Billing,No,0,1,54.0,1
9386-LDCZR,Billing,No,0,1,34.0,1
9513-DXHDA,Contract,Yes,0,0,32.0,1
6421-SZVEM,Billing,No,0,1,27.0,1
4992-LTJNE,Other,No,0,1,60.0,1
7602-MVRMB,Billing,Yes,0,0,20.0,1
6051-PTVNS,Contract,Yes,1,0,60.0,1
6496-JDSSB,Technical,Yes,1,0,24.25,4
2096-XOTMO,Technical,No,0,1,13.0,1
4957-TREIR,Billing,No,1,0,51.0,1
3458-IDMFK,Contract,No,0,1,12.0,1
5651-CRHKQ,Technical,No,0,1,19.0,1
0442-TDYUO,Technical,Yes,1,0,15.0,1
1833-VGRUM,Technical,No,0,1,18.0,1
8606-CIQUL,Technical,Yes,0,0,33.0,1
5153-LXKDT,Contract,No,0,1,14.0,1
9540-JYROE,Billing,Yes,1,0,17.0,1
9780-FKVVF,Contract,Yes,0,0,7.0,1
3898-GUYTS,Contract,Yes,0,0,9.0,1
2101-RANCD,Other,No,1,1,39.5,2
1768-ZAIFU,Contract,No,0,1,36.0,1
5457-COLHT,Contract,No,1,1,22.0,2
9647-ERGBE,Contract,Yes,0,0,40.5,2
3712-PKXZA,Billing,No,1,0,41.0,1
5813-UECBU,Technical,No,0,2,33.5,2
1472-TNCWL,Technical,Yes,1,0,37.0,1
1304-SEGFY,Other,No,0,1,48.0,1
9286-BHDQG,Technical,Yes,1,0,21.0,1
3871-IKPYH,Billing,Yes,0,0,43.0,1
7298-IZWLY,Billing,No,0,1,30.0,1
7339-POGZN,Other,No,1,1,44.0,2
4626-GYCZP,Billing,Yes,0,0,35.0,1
5248-RPYWW,Other,Yes,0,0,27.5,2
2400-XIWIO,Contract,Yes,1,0,54.0,1
3261-CQXOL,Technical,No,0,1,34.0,1
2876-GZYZC,Technical,Yes,0,0,38.0,1
6857-TKDJV,Other,Yes,0,0,23.0,1
1934-SJVJK,Technical,Yes,0,0,46.0,1
3506-OVLKD,Billing,Yes,0,0,33.0,1
5501-TVMGM,Contract,Yes,0,0,52.0,1
8631-XVRZL,Other,Yes,0,0,27.0,1
3853-LYGAM,Billing,No,0,1,53.0,1
0909-SDHNU,Billing,Yes,0,0,32.0,1
2587-YNLES,Billing,Yes,1,0,34.0,1
6257-RJOHI,Technical,No,0,1,23.0,1
6927-WTFIV,Other,No,0,2,40.0,2
1996-DBMUS,Other,Yes,0,0,42.0,1
1866-NXPSP,Billing,Yes,0,0,20.0,1
8627-ZYGSZ,Contract,Yes,3,0,40.0,3
4291-HPAXL,Technical,No,0,1,38.0,1
3970-XGJDU,Contract,Yes,0,0,27.0,1
3758-CKOQL,Other,Yes,0,0,46.0,1
5656-JAMLX,Other,Yes,0,0,26.0,1
7609-YBPXG,Technical,No,0,1,45.0,1
6094-ZIVKX,Technical,Yes,1,0,32.0,1
5951-AOFIH,Technical,Yes,0,0,47.0,1
4827-USJHP,Other,Yes,0,0,25.0,1
3372-KWFBM,Contract,No,0,1,7.0,1
4007-NHVHI,Other,Yes,0,0,18.0,1
6946-LMSQS,Billing,Yes,0,0,11.0,1
0373-AIVNJ,Other,Yes,1,0,21.0,1
1298-PHBTI,Contract,No,0,1,28.0,1
9441-QHEVC,Other,Yes,0,0,12.0,1
4817-VYYWS,Contract,Yes,0,0,45.0,1
5310-NOOVA,Technical,Yes,0,0,11.0,1
5522-JBWMO,Billing,No,1,0,39.0,1
8639-NHQEI,Technical,No,0,1,51.0,1
1866-DIOQZ,Other,No,0,1,24.0,1
2359-QWQUL,Technical,No,0,1,9.0,1
0959-WHOKV,Billing,Yes,0,0,19.0,1
1142-IHLOO,Billing,No,0,1,53.0,1
1506-YJTYT,Other,Yes,0,0,20.0,1
4291-SHSBH,Billing,No,1,1,52.0,2
5871-DGTXZ,Technical,Yes,0,0,60.0,1
3904-UKFRE,Technical,No,0,1,32.0,1
2812-ENYMO,Other,Yes,0,0,46.0,1
2898-LSJGD,Technical,Yes,1,0,42.0,1
1013-QCWAM,Other,Yes,0,0,28.0,1
2408-WITXK,Contract,Yes,0,0,21.5,2
4690-LLKUA,Other,No,0,1,22.0,1
3489-VSFRD,Other,No,0,1,55.0,1
8165-ZJRNM,Technical,Yes,0,0,16.0,1
1022-RKXDR,Other,Yes,0,0,42.0,1
4026-SKKHW,Billing,Yes,0,0,28.0,1
5268-DSMNQ,Billing,Yes,1,0,48.0,1
5307-DZCVC,Contract,No,0,1,12.0,1
5360-XGYAZ,Contract,No,1,0,60.0,1
4075-JFPGR,Billing,No,0,1,32.0,1
8513-OLYGY,Technical,Yes,0,0,38.0,1
4312-GVYNH,Technical,No,0,1,8.0,1
3969-JQABI,Technical,No,0,1,11.0,1
5909-ECHUI,Technical,Yes,1,0,26.0,1
9052-VKDUW,Other,Yes,0,0,53.0,1
5338-YHWYT,Other,Yes,0,0,6.0,1
2587-YNLES,Other,No,1,0,43.0,1
1725-MIMXW,Billing,No,0,2,28.0,2
2115-BFTIW,Other,No,0,1,18.0,1
4184-TJFAN,Technical,Yes,1,0,47.0,1
6624-JDRDS,Contract,No,0,1,31.0,1
8651-ENBZX,Other,No,1,0,38.0,1
6179-GJPSO,Contract,No,0,1,38.0,1
7860-UXCRM,Billing,Yes,0,0,32.0,1
9102-IAYHT,Contract,Yes,0,0,5.0,1
1407-DIGZV,Technical,Yes,0,0,32.0,1
0958-YHXGP,Other,Yes,0,0,23.0,1
5174-ITUMV,Other,Yes,0,0,16.0,1
3865-ZYKAD,Billing,Yes,0,0,55.0,1
9500-LTVBP,Billing,No,0,1,47.0,1
6360-SVNWV,Billing,No,0,2,23.5,2
8992-CEUEN,Technical,Yes,0,0,13.0,1
5136-GFPMB,Contract,No,0,1,35.0,1
4526-ZJJTM,Billing,No,0,2,37.5,2
2789-CZANW,Billing,Yes,1,0,17.67,3
4919-IKATY,Contract,No,0,1,57.0,1
4007-NHVHI,Contract,No,0,1,35.0,1
0973-KYVNF,Billing,No,0,1,52.0,1
6176-YJWAS,Billing,Yes,0,0,37.0,1
6614-VBEGU,Billing,Yes,0,0,53.0,1
4822-LPTYJ,Billing,No,0,1,51.0,1
6257-RJOHI,Technical,Yes,1,0,43.5,2
2690-DVRVK,Contract,Yes,0,0,17.0,1
8092-NLTGF,Contract,No,0,1,28.0,1
9025-AOMKI,Technical,No,0,1,53.0,1
9432-RUVSL,Technical,No,0,1,57.0,1
5671-UUNXD,Billing,Yes,0,0,22.0,1
4884-ZTHVF,Technical,No,1,0,11.0,1
3096-JRDSO,Billing,Yes,1,0,48.0,2
5981-ITEMU,Technical,No,0,2,30.5,2
2011-TRQYE,Contract,No,0,1,18.0,1
6231-WFGFH,Contract,No,1,0,54.0,1
8404-GFGCZ,Other,Yes,1,0,15.0,2
3635-JBPSG,Technical,Yes,2,0,10.33,3
4603-JANFB,Other,Yes,0,0,42.0,1
0913-XWSCN,Contract,No,0,2,31.5,2
0689-NKYLF,Other,Yes,0,0,56.0,1
4513-CXYIX,Billing,Yes,1,0,57.0,1
1106-HRLKZ,Technical,Yes,1,0,18.0,1
9058-HRZSV,Other,No,0,1,60.0,1
3038-PQIUY,Technical,No,0,1,58.0,1
3970-XGJDU,Other,No,1,1,31.5,2
2096-XOTMO,Other,No,0,1,9.0,1
8350-NYMVI,Other,No,0,1,38.0,1
7219-TLZHO,Contract,Yes,0,0,50.0,1
0440-EKDCF,Contract,No,1,1,49.5,2
2400-XIWIO,Technical,Yes,0,0,23.0,1
9492-TOKRI,Technical,No,0,2,50.5,2
6705-LXORM,Contract,Yes,1,0,49.5,2
8845-LWKGE,Contract,Yes,1,0,6.0,1
7674-YTAFD,Technical,No,0,1,59.0,1
4231-LZUYM,Other,Yes,0,0,26.0,1
3251-YMVWZ,Contract,Yes,1,0,19.0,2
2005-DWQZJ,Other,No,1,1,24.5,2
1150-FTQGN,Billing,Yes,0,0,21.0,1
8715-KKTFG,Other,Yes,1,0,26.0,1
6016-NXBNJ,Technical,No,0,1,5.0,1
2398-YPMUR,Billing,Yes,0,0,40.0,1
4770-UEZOX,Contract,No,0,2,12.0,2
3957-HHLMR,Billing,Yes,0,0,32.0,1
4776-XSKYQ,Billing,No,0,1,52.0,1
4184-TJFAN,Contract,Yes,1,0,15.0,1
1135-HIORI,Other,Yes,3,0,33.0,4
5110-CHOPY,Technical,Yes,0,0,41.0,1
0442-TDYUO,Technical,No,1,0,17.0,1
4667-OHGKG,Technical,No,1,1,39.0,2
7606-BPHHN,Contract,No,1,0,26.0,1
0322-YINQP,Technical,No,0,1,41.0,1
5397-TUPSH,Billing,No,0,1,22.0,1
4451-RWASJ,Billing,Yes,0,0,19.0,1
8999-BOHSE,Billing,No,1,0,34.0,1
4827-USJHP,Contract,Yes,0,0,17.0,1
2144-BFDSO,Contract,Yes,0,0,51.0,1
8066-POXGX,Billing,Yes,0,0,49.0,1
3588-WSTTJ,Technical,Yes,0,0,51.0,2
5298-GSTLM,Other,Yes,0,0,43.0,1
2637-FKFSY,Billing,No,0,1,42.0,1
3387-PLKUI,Other,No,0,1,11.0,1
5514-YQENT,Contract,No,0,1,55.0,1
6599-CEBNN,Other,No,0,1,18.0,1
2211-RMNHO,Technical,Yes,0,0,23.0,2
0799-DDIHE,Contract,No,0,1,24.0,1
2405-LBMUW,Other,No,1,1,18.5,2
7841-FCRQD,Other,No,0,1,14.0,1
0203-HHYIJ,Contract,No,0,1,8.0,1
0480-BIXDE,Contract,Yes,0,0,47.0,1
4654-ULTTN,Billing,Yes,0,0,56.0,1
4827-USJHP,Billing,Yes,0,0,35.5,2
0254-KCJGT,Billing,Yes,0,0,45.0,1
2928-HLDBA,Billing,Yes,0,0,39.0,1
9932-WBWIK,Technical,Yes,0,0,13.0,1
4929-ROART,Other,No,0,1,36.0,1
1834-ABKHQ,Billing,No,1,2,33.0,3
9061-TIHDA,Contract,No,0,1,23.0,1
4010-YLMVT,Other,Yes,0,0,39.0,1
9143-CANJF,Contract,Yes,0,0,51.0,1
8645-KWHJO,Billing,No,0,1,31.0,1
3373-DIUUN,Contract,Yes,0,0,14.0,1
5522-JBWMO,Technical,No,0,1,17.0,1
0384-RVBPI,Contract,Yes,1,0,59.0,1
1971-DTCZB,Other,No,1,0,19.0,1
5928-QLDHB,Contract,No,0,1,33.0,1
2761-OCIAX,Billing,Yes,0,0,55.0,1
7163-OCEQI,Billing,Yes,1,0,53.0,1
7596-ZYWBB,Technical,No,0,1,39.0,1
7558-IMLMT,Billing,Yes,0,0,18.0,1
4452-ROHMO,Technical,Yes,1,0,34.0,1
1465-WCZVT,Contract,Yes,1,0,29.0,1
1193-RTSLK,Contract,Yes,0,0,49.0,1
9174-IHETN,Contract,No,0,1,52.0,1
9058-HRZSV,Billing,Yes,0,0,52.0,1
3283-WCWXT,Billing,No,0,1,26.0,1
0103-CSITQ,Contract,No,0,1,14.0,1
8564-LDKFL,Contract,No,0,1,33.0,1
4581-LNWUM,Contract,Yes,0,0,57.0,1
7109-MFBYV,Other,No,0,1,45.0,1
6599-CEBNN,Billing,No,0,1,29.0,1
5028-GZLDO,Contract,Yes,1,0,13.0,1
8992-CEUEN,Contract,Yes,1,0,20.0,1
9079-YEXQJ,Contract,No,0,2,47.5,2
3647-GMGDH,Billing,No,0,1,11.0,1
6734-GMPVK,Technical,Yes,1,0,37.0,2
6839-ITVZJ,Contract,No,0,1,51.0,1
9773-PEQBZ,Billing,Yes,0,0,32.0,1
3751-KTZEL,Other,No,0,1,46.0,1
9470-RTWDV,Contract,No,0,2,45.0,2
5310-NOOVA,Other,No,1,0,18.0,1
3853-LYGAM,Technical,Yes,0,0,58.0,1
0141-YEAYS,Technical,Yes,0,0,28.0,1
6981-TDRFT,Contract,Yes,1,0,60.0,1
8608-OZTLB,Technical,Yes,1,0,15.0,1
3211-AAPKX,Technical,No,0,1,51.0,1
5882-CMAZQ,Other,Yes,0,0,53.0,1
8205-OTCHB,Technical,No,0,2,50.5,2
5485-WUYWF,Contract,No,1,0,42.0,1
7670-ZBPOQ,Other,No,1,0,6.0,1
5294-CDGWY,Contract,No,0,1,55.0,1
4199-QHJNM,Technical,No,0,1,42.0,1
4009-ALQFH,Technical,No,1,1,37.0,2
8434-PNQZX,Billing,No,1,0,49.0,1
1216-JWVUX,Contract,Yes,1,0,16.0,1
6999-CHVCF,Other,No,0,1,5.0,1
4892-VLANZ,Contract,No,2,0,16.0,2
6827-IEAUQ,Billing,No,0,1,7.0,1
5028-GZLDO,Other,No,0,2,52.5,2
2011-TRQYE,Contract,Yes,0,0,37.0,2
4143-HHPMK,Technical,Yes,1,0,6.0,1
9600-NAXZN,Technical,No,0,1,24.0,1
9102-OXKFY,Billing,No,0,1,42.0,1
1472-TNCWL,Technical,No,1,0,49.0,1
5522-JBWMO,Other,Yes,0,0,32.0,1
1091-SOZGA,Technical,No,0,1,50.0,1
7851-FLGGQ,Contract,Yes,0,0,31.0,1
5678-VFNEQ,Other,No,0,1,55.0,1
5433-KYGHE,Other,No,1,1,39.5,2
5791-KAJFD,Contract,No,0,1,46.0,1
4797-AXPXK,Contract,Yes,1,0,48.0,1
0410-IPFTY,Billing,No,0,1,9.0,1
7606-BPHHN,Other,No,0,1,57.0,1
2533-TIBIX,Contract,No,0,1,18.0,1
2815-CPTUL,Contract,No,0,2,44.5,2
8337-MSSXB,Technical,No,0,1,55.0,1
0141-YEAYS,Other,No,0,1,56.0,1
5317-FLPJF,Billing,No,0,1,12.0,1
9025-AOMKI,Billing,Yes,1,0,20.0,1
8169-SAEJD,Billing,No,0,1,40.0,1
2959-MJHIC,Technical,Yes,1,0,18.0,3
6650-VJONK,Billing,No,1,0,60.0,1
7605-BDWDC,Technical,No,1,0,51.0,1
4603-JANFB,Billing,Yes,0,0,36.67,3
1159-WFSGR,Technical,No,0,1,53.0,1
0375-HVGXO,Other,Yes,0,0,50.0,1
2925-VDZHY,Other,Yes,0,0,48.0,2
7636-PEPNS,Billing,Yes,1,0,55.0,1
4550-EVXNY,Contract,Yes,0,0,29.0,1
8608-OZTLB,Other,Yes,0,0,43.0,1
8099-MZPUJ,Billing,Yes,0,0,36.0,1
3946-JEWRQ,Contract,Yes,1,0,13.0,1
1386-ZIKUV,Billing,Yes,0,0,26.0,1
3769-MHZNV,Technical,No,0,1,55.0,1
8092-NLTGF,Technical,No,0,1,7.0,1
7560-QJAVJ,Contract,No,0,1,16.0,1
7296-PIXQY,Contract,No,0,1,13.0,1
9863-JZAIC,Contract,Yes,0,0,13.0,1
6994-KERXL,Billing,Yes,1,0,47.5,2
2330-PQGDQ,Other,No,0,1,41.0,1
2357-COQEK,Contract,Yes,0,0,52.0,1
4184-TJFAN,Other,Yes,0,0,15.0,1
6377-WHAOX,Contract,Yes,0,0,38.0,1
1053-MXTTK,Contract,No,0,1,19.0,1
5310-NOOVA,Contract,Yes,1,0,46.0,1
9399-APLBT,Contract,No,1,3,35.25,4
2476-YGEFM,Other,No,0,1,58.0,1
8372-JUXUI,Technical,Yes,0,0,60.0,1
4124-MMETB,Billing,No,0,1,8.0,1
3512-IZIKN,Contract,No,1,1,12.0,2
3470-BTGQO,Contract,No,0,1,39.0,1
5351-QESIO,Contract,No,0,1,23.0,1
9061-TIHDA,Billing,No,1,1,11.0,2
1309-BXVOQ,Technical,Yes,0,0,55.0,1
1625-JAIIY,Other,No,1,1,30.0,2
0939-EREMR,Other,No,0,1,10.0,1
2812-ENYMO,Other,No,1,0,12.0,1
1506-YJTYT,Technical,Yes,0,0,17.5,2
4627-MIHJH,Billing,Yes,0,0,51.0,1
4957-TREIR,Other,Yes,0,0,30.0,1
5419-JKZNQ,Billing,Yes,0,0,60.0,1
7872-RDDLZ,Contract,No,0,1,11.0,1
0835-JKADZ,Other,No,0,1,53.0,1
2081-VEYEH,Technical,Yes,1,0,50.0,2
3556-BVQGL,Other,Yes,0,0,19.0,1
0082-OQIQY,Technical,Yes,0,0,44.0,1
7878-JGDKK,Billing,No,1,0,51.0,1
5018-LXQQG,Other,No,1,1,55.5,2
7860-UXCRM,Other,Yes,1,0,53.0,1
7636-PEPNS,Other,Yes,0,0,5.0,1
1768-ZAIFU,Other,Yes,0,0,20.0,1
1699-TLDLZ,Technical,No,0,1,42.0,1
1228-ZLNBX,Contract,No,0,2,40.0,2
6476-EPYZR,Technical,No,0,1,22.0,1
3097-IDVPU,Contract,Yes,1,0,23.0,1
4695-VADHF,Technical,Yes,1,0,10.0,1
8165-ZJRNM,Billing,No,1,0,41.0,1
8639-NHQEI,Contract,No,0,1,15.0,1
6352-GIGGQ,Technical,Yes,1,0,48.0,1
9178-JHUVJ,Technical,No,0,1,42.0,1
9537-JALFH,Contract,Yes,0,0,44.0,1
7416-CKTEP,Contract,No,0,1,30.0,1
9831-BPFRI,Billing,No,1,0,55.0,1
4124-MMETB,Other,No,1,0,57.0,1
8194-PEEBY,Technical,No,0,1,32.0,1
5708-EVONK,Other,No,0,1,34.0,1
7872-RDDLZ,Technical,Yes,0,0,55.0,1
1661-CZBAU,Contract,No,0,1,52.0,1
9127-QRZMH,Other,No,0,1,12.0,1
8838-GPHZP,Technical,Yes,1,0,6.0,1
7041-TXQJH,Other,No,0,1,11.0,1
4983-CCWMC,Billing,No,0,1,46.0,1
1200-TUZHR,Other,No,0,1,7.0,1
8464-EETCQ,Technical,Yes,0,0,13.0,1
2005-DWQZJ,Contract,No,0,1,47.0,1
5889-LFOLL,Other,Yes,0,0,5.0,1
5495-GPSRW,Other,No,0,1,23.0,1
3932-CMDTD,Billing,Yes,1,0,13.0,1
7296-PIXQY,Technical,No,0,1,7.0,1
6181-AXXYF,Other,No,1,0,52.0,1
5268-DSMNQ,Other,No,1,0,27.0,1
5680-LQOGP,Technical,Yes,0,0,33.0,1
2171-UDMFD,Other,No,0,2,42.5,2
0093-XWZFY,Billing,Yes,0,0,18.0,1
7359-PTSXY,Contract,No,0,1,49.0,1
6439-GTPCA,Billing,Yes,0,0,25.0,1
3138-BKYAV,Other,Yes,0,0,60.0,1
3675-EQOZA,Billing,No,1,0,56.0,1
0567-GGCAC,Technical,Yes,0,0,6.0,1
6176-YJWAS,Technical,Yes,1,0,36.0,1
9497-QCMMS,Other,No,0,1,41.0,1
4328-VUFWD,Other,No,0,2,37.5,2
2903-YYTBW,Billing,Yes,1,0,8.0,1
9776-OJUZI,Billing,No,1,1,42.5,2
5457-COLHT,Billing,Yes,0,0,32.0,1
3865-YIOTT,Contract,No,0,1,55.0,1
5485-ITNPC,Other,Yes,0,0,13.0,1
2636-ALXXZ,Billing,Yes,0,0,32.0,1
5456-ITGIC,Billing,No,1,0,18.0,1
9248-OJYKK,Contract,Yes,0,0,12.0,1
7909-FIOIY,Technical,Yes,0,0,35.0,1
2657-ALMWY,Other,Yes,0,0,56.0,1
5027-QPKTE,Other,No,0,1,18.0,1
3223-WZWJM,Billing,No,1,0,34.0,1
6791-YBNAK,Technical,Yes,0,0,26.0,1
0835-JKADZ,Contract,No,0,1,29.0,1
8007-YYPWD,Contract,Yes,1,0,15.0,1
5208-FVQKB,Contract,Yes,0,0,54.0,1
4404-HIBDJ,Contract,Yes,0,0,52.0,1
4404-HIBDJ,Technical,No,1,1,21.0,2
8608-OZTLB,Billing,Yes,1,0,5.0,1
8100-HZZLJ,Contract,Yes,0,0,25.0,1
0032-PGELS,Billing,Yes,0,0,26.0,2
4879-GZLFH,Technical,Yes,0,0,9.0,1
6668-CNMFP,Billing,Yes,1,0,42.0,1
3551-GAEGL,Other,Yes,1,0,8.0,1
7717-BICXI,Billing,Yes,0,0,22.0,1
8874-EJNSR,Contract,Yes,1,0,30.0,1
7551-DACSP,Contract,No,0,1,58.0,1
5678-VFNEQ,Billing,Yes,0,0,28.5,2
9500-WBGRP,Technical,No,0,2,20.0,2
0254-KCJGT,Contract,No,0,1,36.0,1
9206-GVPEQ,Billing,No,1,0,48.0,1
6030-REHUX,Billing,No,0,1,16.0,1
9206-GVPEQ,Contract,Yes,1,0,5.0,1
3870-SPZSI,Billing,No,1,0,32.0,1
4992-LTJNE,Other,Yes,0,0,33.0,1
1022-RKXDR,Billing,No,0,1,16.0,1
9518-XXBXE,Other,No,0,1,34.0,1
3927-NLNRY,Technical,Yes,0,0,13.0,1
0058-EVZWM,Other,Yes,0,0,51.0,1
6260-XLACS,Contract,Yes,1,0,31.0,1
6518-KZXCB,Technical,No,0,1,9.0,1
5309-TAIKL,Technical,Yes,0,0,40.0,2
1618-CFHME,Other,No,1,0,29.0,1
5338-YHWYT,Billing,Yes,1,0,37.0,2
4860-IJUDE,Billing,No,0,1,17.0,1
4274-DRSQT,Billing,Yes,0,0,30.5,2
4770-UEZOX,Other,No,1,0,6.0,1
8780-RSYYU,Technical,No,0,1,21.0,1
4210-QFJMF,Other,Yes,0,0,51.0,1
2812-REYAT,Billing,Yes,0,0,9.0,1
7299-GNVPL,Other,Yes,1,0,48.0,1
9073-ZZIAY,Technical,Yes,0,0,46.0,1
7299-GNVPL,Billing,No,1,0,26.0,1
5680-LQOGP,Technical,No,0,1,29.0,1
8064-RAVOH,Other,Yes,1,0,13.0,1
4652-ODEVH,Contract,Yes,0,0,45.0,1
3030-YDNRM,Contract,No,0,1,10.0,1
7032-LMBHI,Other,Yes,0,0,51.0,1
8197-BFWVU,Contract,No,1,1,34.0,2
5729-KLZAR,Technical,Yes,1,0,54.0,1
8124-NZVGJ,Other,Yes,0,0,16.0,1
7471-MQPOS,Other,Yes,0,0,23.5,2
9391-EOYLI,Contract,Yes,1,0,33.0,1
3707-GNWHM,Other,Yes,1,0,51.0,1
3315-IKYZQ,Contract,No,1,1,10.5,2
0733-VUNUW,Other,Yes,0,0,41.0,2
0439-IFYUN,Technical,Yes,1,0,38.0,1
1555-DJEQW,Billing,Yes,1,0,34.0,1
7634-HLQJR,Contract,Yes,0,0,6.0,1
4992-LTJNE,Contract,Yes,0,0,34.0,1
3771-PZOBW,Technical,No,1,0,9.0,1
9867-NNXLC,Technical,No,0,1,23.0,1
0481-SUMCB,Technical,No,0,1,12.0,1
9500-WBGRP,Other,No,0,1,58.0,1
9137-NOQKA,Technical,No,0,1,52.0,1
5457-COLHT,Billing,No,1,0,15.0,1
2959-MJHIC,Billing,Yes,0,0,41.0,1
9305-CDSKC,Other,Yes,0,0,16.0,1
8823-RLPWL,Other,Yes,1,0,7.0,1
0486-HECZI,Contract,No,0,1,57.0,1
0601-WZHJF,Contract,No,1,1,33.0,2
2075-RMJIK,Contract,Yes,1,0,35.0,1
0426-TIRNE,Billing,Yes,0,0,21.0,1
2380-DAMQP,Contract,No,0,2,35.5,2
8659-IOOPU,Technical,Yes,0,0,13.0,1
4433-JCGCG,Contract,Yes,0,0,44.0,1
5242-UOWHD,Technical,No,0,2,49.5,2
9079-YEXQJ,Technical,Yes,0,0,54.0,1
5176-LMJXE,Other,Yes,1,0,47.5,2
4452-QIIEB,Billing,No,0,1,30.0,1
3173-WSSUE,Contract,No,0,1,25.0,1
0432-CAJZV,Contract,Yes,0,0,32.0,1
9586-JGQKH,Technical,Yes,0,0,13.0,1
3173-WSSUE,Technical,Yes,0,0,35.0,1
5985-BEHZK,Other,No,1,0,37.0,1
4032-RMHCI,Contract,Yes,0,0,11.0,1
1150-FTQGN,Other,No,0,1,21.0,1
5940-AHUHD,Contract,Yes,0,0,40.0,1
5228-EXCET,Technical,Yes,1,0,39.5,2
4587-NUKOX,Billing,Yes,0,0,10.0,1
2387-KDZQY,Other,Yes,0,0,21.0,1
5360-XGYAZ,Billing,No,0,1,29.0,1
6674-KVJHG,Other,Yes,0,0,14.0,1
9932-WBWIK,Technical,No,0,1,54.0,1
5018-LXQQG,Contract,Yes,1,0,9.0,1
4925-LMHOK,Other,Yes,0,0,55.0,1
4732-RRJZC,Billing,Yes,0,0,30.0,1
2408-WITXK,Contract,No,0,1,56.0,1
9586-JGQKH,Contract,Yes,0,0,28.0,2
9025-AOMKI,Other,Yes,0,0,54.0,1
4026-SKKHW,Technical,No,0,1,27.0,1
1895-QTKDO,Technical,No,0,2,52.0,2
1814-DKOLC,Other,Yes,0,0,20.0,1
3457-PQBYH,Technical,No,1,0,5.0,1
3489-VSFRD,Technical,No,0,1,51.0,1
6352-GIGGQ,Technical,No,0,1,25.0,1
5457-COLHT,Other,Yes,0,0,28.0,1
0623-EJQEG,Technical,Yes,0,0,19.0,1
1699-TLDLZ,Other,No,0,1,45.0,1
9871-ELEYA,Billing,No,0,1,27.0,1
2391-SOORI,Contract,Yes,0,0,35.0,1
4009-ALQFH,Technical,Yes,0,0,20.0,1
3970-XGJDU,Contract,No,0,2,34.5,2
8313-AFGBW,Technical,Yes,0,0,25.0,1
1309-XGFSN,Contract,Yes,0,0,35.0,1
1153-GNOLC,Billing,Yes,1,0,19.0,1
3261-CQXOL,Other,No,1,0,45.0,1
8007-YYPWD,Contract,No,0,1,59.0,1
3969-JQABI,Billing,No,0,1,54.0,1
4936-YPJNK,Technical,Yes,1,0,60.0,1
4671-LXRDQ,Contract,No,1,0,16.0,1
3387-PLKUI,Technical,No,0,1,6.0,1
5995-LFTLE,Contract,Yes,0,0,12.0,1
7570-WELNY,Billing,No,0,2,25.5,2
9137-NOQKA,Other,No,0,1,22.0,1
1063-DHQJF,Contract,Yes,0,0,27.0,1
4423-JWZJN,Billing,Yes,0,0,46.0,1
8647-SDTWQ,Contract,No,0,2,35.5,2
4075-JFPGR,Technical,No,0,2,28.5,2
8194-PEEBY,Other,No,0,1,29.0,1
9932-WBWIK,Other,Yes,0,0,55.0,1
0742-LAFQK,Technical,Yes,0,0,41.33,3
4452-QIIEB,Contract,Yes,0,0,35.0,1
8434-PNQZX,Technical,No,0,2,37.0,2
5076-YVXCM,Contract,Yes,1,0,24.0,1
1157-BQCUW,Technical,Yes,0,0,47.0,1
4652-ODEVH,Technical,Yes,0,0,21.0,1
5514-YQENT,Billing,Yes,0,0,8.0,1
5027-YOCXN,Other,No,1,0,58.0,1
1154-HYWWO,Contract,No,1,0,13.0,1
9578-FOMUK,Contract,Yes,0,0,34.0,1
3999-QGRJH,Billing,Yes,0,0,37.0,1
8711-LOBKY,Contract,No,0,1,39.0,1
9441-QHEVC,Contract,No,1,0,29.0,1
9313-QOLTZ,Other,No,0,1,48.0,1
1814-DKOLC,Technical,No,0,1,49.0,1
4032-RMHCI,Other,No,0,1,5.0,1
4957-SREEC,Technical,No,1,0,29.0,1
2969-QWUBZ,Technical,No,0,1,12.0,1
1708-PBBOA,Other,Yes,1,0,21.0,1
5981-ITEMU,Contract,Yes,1,0,15.5,2
4919-IKATY,Contract,Yes,1,0,14.5,2
1725-MIMXW,Technical,Yes,0,0,15.0,1
6402-SSEJG,Billing,Yes,1,0,17.0,1
5998-DZLYR,Billing,Yes,1,0,31.0,1
2203-GHNWN,Technical,No,1,0,40.0,1
9411-TPQQV,Billing,No,0,1,56.0,1
9823-EALYC,Technical,No,0,1,58.0,1
2582-FFFZR,Technical,No,0,1,23.0,1
5429-LWCMV,Other,No,0,1,49.0,1
5671-UUNXD,Billing,No,0,1,16.0,1
9715-WZCLW,Technical,No,0,1,59.0,1
2408-WITXK,Other,Yes,0,0,48.0,1
0254-KCJGT,Other,Yes,1,0,55.0,1
6176-YJWAS,Contract,No,1,0,30.0,1
4846-WHAFZ,Technical,Yes,0,0,7.0,1
5310-NOOVA,Contract,No,0,1,18.0,1
1010-DIAUQ,Contract,Yes,1,0,26.0,2
8659-IOOPU,Contract,No,1,1,22.0,2
4018-PPNDW,Technical,No,1,0,46.0,1
6243-OZGFH,Other,Yes,0,0,44.0,1
8606-OEGQZ,Contract,No,0,1,58.0,1
6285-FTQBF,Other,No,1,1,22.5,2
8190-ZTQFB,Technical,No,0,1,45.0,1
2565-JSLRY,Technical,No,0,2,38.0,2
7851-FLGGQ,Technical,Yes,0,0,13.0,1
6461-SZMCV,Technical,Yes,0,0,44.0,2
9386-LDCZR,Billing,Yes,0,0,56.0,1
5495-GPSRW,Other,Yes,0,0,59.0,1
4143-HHPMK,Contract,No,0,1,12.0,1
1725-MIMXW,Technical,No,1,0,28.0,1
0971-QIFJK,Technical,No,0,1,53.0,1
9831-BPFRI,Other,No,0,1,45.0,1
1200-TUZHR,Other,Yes,0,0,5.0,1
7089-IVVAZ,Other,Yes,0,0,13.0,1
5027-QPKTE,Billing,Yes,0,0,51.0,1
5006-MXVRN,Billing,No,0,1,28.0,1
6131-IUNXN,Other,Yes,1,0,14.0,1
7669-LCRSD,Other,Yes,0,0,36.5,2
9391-TTOYH,Technical,Yes,0,0,54.0,1
8647-SDTWQ,Technical,Yes,0,0,8.0,1
7596-ZYWBB,Billing,Yes,0,0,31.5,2
3372-KWFBM,Billing,Yes,0,0,18.0,1
5027-QPKTE,Other,Yes,0,0,24.0,1
8124-NZVGJ,Contract,Yes,0,0,43.0,1
0415-MOSGF,Technical,No,0,1,38.0,1
8268-YDIXR,Billing,Yes,1,0,49.0,1
1621-YNCJH,Technical,No,0,1,34.0,1
6967-PEJLL,Other,No,1,0,31.0,1
7558-IMLMT,Other,Yes,0,0,23.0,1
1820-TQVEV,Billing,No,0,1,17.0,1
8651-ENBZX,Technical,No,0,1,33.0,1
1899-VXWXM,Other,Yes,0,0,5.0,1
8268-YDIXR,Billing,No,0,1,41.0,1
2903-YYTBW,Other,Yes,1,0,31.0,1
1784-EZDKJ,Other,Yes,0,0,35.0,1
1169-WCVAK,Other,No,1,0,46.0,1
6900-RBKER,Other,Yes,2,0,46.0,2
9114-VEPUF,Contract,No,0,3,31.33,3
9054-FOWNV,Technical,No,0,1,54.0,1
5680-LQOGP,Contract,Yes,1,0,36.0,1
1047-NNCBF,Billing,No,0,1,39.0,1
1657-DYMBM,Other,No,0,1,41.0,1
8606-OEGQZ,Other,Yes,1,0,19.0,1
9537-JALFH,Billing,No,1,0,39.0,1
9233-PSYHO,Billing,No,0,1,59.0,1
5868-CZJDR,Technical,No,0,1,18.0,1
0709-TVGUR,Billing,Yes,0,0,57.0,1
5536-RTPWK,Other,Yes,0,0,25.0,1
2969-QWUBZ,Billing,Yes,1,0,23.0,1
3030-YDNRM,Other,Yes,0,0,42.0,1
8325-QRPZR,Other,No,0,1,58.0,1
5376-PCKNB,Billing,Yes,0,0,8.0,1
2277-BKJKN,Contract,No,0,1,38.0,1
3038-PQIUY,Technical,Yes,0,0,36.0,1
5406-KGRMX,Billing,No,0,1,20.0,1
6981-TDRFT,Billing,Yes,0,0,39.0,1
9124-LHCJQ,Technical,Yes,0,0,21.0,1
9286-BHDQG,Billing,Yes,0,0,49.0,1
0607-DAAHE,Other,No,1,0,11.0,1
8565-WUXZU,Technical,No,0,1,56.0,1
5724-BIDBU,Contract,Yes,0,0,57.0,1
0947-IDHRQ,Other,No,0,1,52.0,1
5889-LFOLL,Other,No,0,1,26.0,1
8194-PEEBY,Billing,No,0,1,56.0,1
0811-GSDTP,Contract,Yes,1,0,44.0,1
8812-ZRHFP,Contract,No,0,1,17.0,1
1866-NXPSP,Other,Yes,1,0,11.0,1
2725-IWWBA,Other,Yes,0,0,51.0,1
0536-ACXIP,Billing,No,0,2,6.0,2
7243-LCGGZ,Billing,No,0,1,28.0,1
4360-PNRQB,Other,No,0,1,44.0,1
9867-NNXLC,Other,Yes,0,0,33.0,1
1784-EZDKJ,Technical,No,0,1,34.0,1
8731-WBBMB,Billing,Yes,0,0,42.0,1
9948-YPTDG,Billing,No,0,1,52.0,1
1680-VDCWW,Billing,Yes,0,0,8.0,1
5208-FVQKB,Other,No,0,1,22.0,1
3482-ABPKK,Contract,No,0,1,33.0,1
5883-GTGVD,Other,No,0,1,31.0,1
5883-GTGVD,Contract,No,0,2,28.0,2
6994-FGRHH,Technical,No,0,1,14.0,1
1571-SAVHK,Contract,No,0,1,39.0,1
6198-RTPMF,Technical,Yes,0,0,54.0,1
8930-XOTDP,Contract,No,1,0,18.0,1
5527-ACHSO,Contract,No,0,2,50.0,2
7298-IZWLY,Technical,No,0,1,25.0,1
5985-TBABQ,Contract,No,0,1,56.0,1
5442-XSDCW,Contract,No,0,1,12.0,1
6900-RBKER,Billing,Yes,1,0,10.0,1
0674-EYYZV,Other,Yes,1,0,35.0,1
5349-AZPEW,Technical,No,0,1,48.0,1
4795-UXVCJ,Contract,No,0,1,57.0,1
2393-DIVAI,Technical,No,1,0,27.0,1
1200-TUZHR,Billing,Yes,1,0,52.5,2
8510-AWCXC,Technical,Yes,0,0,10.0,1
3896-RCYYE,Contract,Yes,0,0,56.0,1
6704-UTUKK,Other,Yes,0,0,36.0,2
2207-QPJED,Technical,No,1,0,52.0,1
7169-YWAMK,Contract,No,0,1,57.0,1
5456-ITGIC,Other,No,1,1,23.5,2
7131-ZQZNK,Other,Yes,0,0,44.0,1
3079-BCHLN,Billing,No,1,0,25.0,1
2391-SOORI,Technical,No,0,1,50.0,1
1298-PHBTI,Other,No,0,1,48.0,1
5998-DZLYR,Technical,No,0,2,26.0,2
0530-IJVDB,Contract,Yes,0,0,24.67,3
8268-YDIXR,Other,No,0,1,59.0,1
8350-NYMVI,Contract,No,0,1,47.0,1
7609-YBPXG,Contract,Yes,1,0,14.0,1
6900-RBKER,Technical,No,0,1,35.0,1
5351-QESIO,Technical,Yes,0,0,14.0,1
7758-XKCBS,Technical,No,0,1,35.0,1
4929-BSTRX,Other,No,1,0,53.0,1
2786-GCDPI,Contract,Yes,0,0,45.0,1
5678-VFNEQ,Contract,No,0,1,31.0,1
6586-MYGKD,Other,Yes,0,0,30.0,2
5276-KQWHG,Technical,Yes,0,0,25.0,1
7909-FIOIY,Other,No,1,0,16.0,1
5846-ABOBJ,Contract,Yes,1,0,10.0,2
3258-ZKPAI,Billing,No,0,1,34.0,1
8313-AFGBW,Contract,No,0,1,29.0,1
7247-XOZPB,Technical,Yes,0,0,46.0,1
7359-PTSXY,Contract,Yes,1,0,50.0,1
7570-WELNY,Other,Yes,0,0,56.0,1
6181-AXXYF,Billing,No,0,1,11.0,1
2995-UPRYS,Technical,No,0,1,34.0,1
0746-JTRFU,Technical,No,1,0,29.0,1
5406-KGRMX,Other,Yes,0,0,6.0,1
9845-PEEKO,Other,No,0,1,58.0,1
6023-GSSXW,Contract,Yes,0,0,42.0,1
6999-CHVCF,Other,Yes,0,0,56.0,1
1618-CFHME,Billing,Yes,1,0,33.0,1
6839-ITVZJ,Contract,Yes,1,0,17.0,1
7675-OZCZG,Billing,Yes,0,0,24.0,1
7570-WELNY,Contract,Yes,0,0,38.0,1
9233-PSYHO,Billing,Yes,1,0,60.0,1
0426-TIRNE,Other,Yes,1,0,40.0,1
6377-WHAOX,Other,Yes,0,0,29.0,1
3771-PZOBW,Billing,No,0,1,59.0,1
5599-HVLTW,Other,No,0,1,44.0,1
1472-TNCWL,Other,Yes,1,0,32.0,1
2476-YGEFM,Billing,Yes,0,0,50.0,1
1353-LJWEM,Other,No,0,1,36.0,1
9061-TIHDA,Other,Yes,0,0,45.0,1
5804-HYIEZ,Billing,Yes,0,0,8.0,1
9079-YEXQJ,Other,Yes,0,0,59.0,1
8237-ULIXL,Contract,No,0,1,9.0,1
9637-EIHEQ,Other,No,1,0,34.0,1
6734-GMPVK,Other,Yes,0,0,57.0,1
4381-MHQDC,Other,No,0,1,56.0,1
5542-DHSXL,Technical,Yes,0,0,46.0,1
0975-UYDTX,Technical,Yes,0,0,6.0,1
1708-PBBOA,Contract,Yes,0,0,7.0,1
5791-KAJFD,Billing,No,1,0,23.0,1
4847-TAJYI,Technical,No,0,1,21.0,1
3164-AALRN,Other,Yes,0,0,36.0,1
5110-CHOPY,Billing,Yes,1,0,18.0,1
4455-BFSPD,Contract,Yes,0,0,28.0,1
5495-GPSRW,Billing,No,1,1,27.0,2
9279-CJEOJ,Other,No,1,0,46.0,1
7560-QJAVJ,Billing,Yes,0,0,26.0,2
7073-QETQY,Technical,Yes,0,0,42.0,1
4822-LPTYJ,Contract,No,0,1,26.0,1
1846-XWOQN,Technical,Yes,1,0,60.0,1
8268-YDIXR,Other,Yes,1,0,35.0,1
5433-KYGHE,Technical,No,0,1,32.0,1
5380-AFSSK,Other,Yes,1,0,55.0,1
6257-RJOHI,Other,No,0,1,9.0,1
7133-VBDCG,Billing,No,1,1,44.5,2
6862-CQUMB,Billing,Yes,0,0,23.5,2
3457-PQBYH,Other,No,0,1,30.0,1
3850-OKINF,Contract,Yes,0,0,58.0,1
1193-RTSLK,Contract,No,0,1,17.0,1
8166-ZZTFS,Other,No,0,1,10.0,1
6360-SVNWV,Technical,Yes,0,0,44.0,1
8375-KVTHK,Technical,No,1,0,43.0,1
7359-PTSXY,Technical,Yes,1,0,57.0,1
6650-VJONK,Other,Yes,0,0,47.0,2
4458-KVRBJ,Contract,No,0,1,34.0,1
0356-ERHVT,Other,No,2,0,28.5,2
0480-BIXDE,Technical,No,1,0,13.0,1
4291-HPAXL,Billing,No,1,0,32.0,1
4137-JOPHL,Contract,No,0,1,52.0,1
7711-GQBZC,Contract,Yes,0,0,33.0,2
4009-ALQFH,Billing,Yes,0,0,8.0,1
5924-SNGKP,Technical,No,1,0,24.0,1
2786-GCDPI,Billing,Yes,1,0,24.0,2
5027-QPKTE,Technical,Yes,0,0,52.0,1
9073-ZZIAY,Contract,Yes,0,0,35.0,1
2080-GKCWQ,Billing,Yes,1,0,25.0,1
5985-TBABQ,Billing,Yes,1,0,38.0,1
3712-PKXZA,Other,No,0,1,25.0,1
5245-VDBUR,Other,Yes,0,0,52.0,1
0716-BQNDX,Contract,No,0,1,27.0,1
0835-JKADZ,Contract,Yes,0,0,44.0,1
6791-YBNAK,Contract,Yes,0,0,36.0,2
5708-EVONK,Other,Yes,0,0,18.0,1
1951-IEYXM,Technical,No,0,1,36.0,1
1386-ZIKUV,Contract,No,1,0,16.0,1
2357-COQEK,Contract,No,0,1,31.0,1
8812-ZRHFP,Billing,No,0,1,51.0,1
9058-HRZSV,Technical,No,0,1,10.0,1
2100-BDNSN,Contract,No,1,0,31.0,1
1334-PDUKM,Other,Yes,1,0,7.0,1
7147-AYBAA,Other,No,0,1,45.0,1
4361-JEIVL,Technical,Yes,0,0,36.0,2
3750-CKVKH,Technical,No,0,1,37.0,1
5889-JTMUL,Technical,No,0,1,56.0,1
1304-SEGFY,Contract,No,0,1,31.0,1
5236-XMZJY,Other,Yes,0,0,12.0,1
7379-POKDZ,Contract,No,0,1,59.0,1
4381-MHQDC,Technical,Yes,0,0,10.0,1
5389-FFVKB,Technical,Yes,0,0,10.0,1
7511-YMXVQ,Billing,No,2,0,20.0,2
5485-ITNPC,Technical,Yes,0,0,48.0,1
4423-JWZJN,Other,No,0,1,17.0,1
8071-SBTRN,Technical,Yes,1,0,37.0,2
7851-FLGGQ,Other,No,0,1,35.0,1
2812-REYAT,Technical,No,0,1,55.0,1
5567-GZKQY,Billing,No,0,1,10.0,1
4232-JGKIY,Billing,No,0,1,47.0,1
1403-GYAFU,Billing,Yes,0,0,45.0,1
8874-EJNSR,Other,No,0,1,40.0,1
0439-IFYUN,Technical,No,0,1,24.0,1
0203-HHYIJ,Contract,Yes,1,0,9.0,1
6646-VRFOL,Other,Yes,0,0,24.0,2
3217-FZDMN,Billing,Yes,0,0,42.33,3
3262-EIDHV,Billing,Yes,0,0,29.0,1
0423-UDIJQ,Other,Yes,0,0,40.0,1
9305-CDSKC,Contract,Yes,1,0,34.0,2
4361-BKAXE,Other,Yes,0,0,44.0,1
0880-TKATG,Other,No,0,1,23.0,1
7674-YTAFD,Billing,No,1,1,43.5,2
0505-SPOOW,Other,No,1,0,26.0,1
5392-AKEMH,Billing,No,0,1,5.0,1
2565-JSLRY,Contract,Yes,0,0,52.0,1
3027-ZTDHO,Technical,Yes,1,0,51.0,1
5832-EXGTT,Other,No,0,1,35.0,1
3097-IDVPU,Other,No,1,1,26.0,2
1996-DBMUS,Technical,Yes,1,0,34.0,1
1485-YDHMM,Other,No,1,0,14.0,1
6946-LMSQS,Billing,No,1,1,38.5,2
6839-ITVZJ,Other,Yes,0,0,42.0,1
1415-YFWLT,Contract,Yes,1,0,48.5,2
5729-KLZAR,Other,No,0,1,6.0,1
5727-MYATE,Contract,No,1,0,17.0,1
0103-CSITQ,Technical,No,0,2,37.5,2
4291-SHSBH,Other,Yes,1,0,57.0,1
2834-JKOOW,Billing,No,1,0,42.0,1
5149-QYTTU,Technical,Yes,0,0,5.0,1
4957-TREIR,Technical,No,0,1,24.0,1
6231-WFGFH,Billing,No,0,1,34.0,1
7072-MBHEV,Technical,No,0,1,8.0,1
3896-RCYYE,Billing,Yes,0,0,37.0,1
2115-BFTIW,Billing,No,0,2,25.5,2
6198-RTPMF,Other,No,0,2,26.5,2
0880-TKATG,Technical,No,0,1,52.0,1
6614-YWYSC,Technical,Yes,0,0,11.0,1
6900-RBKER,Contract,No,0,1,7.0,1
8327-LZKAS,Billing,Yes,0,0,30.0,1
2761-XECQW,Billing,Yes,0,0,47.0,1
9300-AGZNL,Billing,Yes,0,0,10.0,1
3373-DIUUN,Contract,No,0,1,52.0,1
4007-NHVHI,Billing,No,0,1,33.0,1
9715-WZCLW,Billing,Yes,0,0,46.0,1
8092-NLTGF,Billing,Yes,0,0,44.5,2
0623-EJQEG,Contract,No,0,1,55.0,1
2386-LAHRK,Technical,No,1,0,7.0,1
3079-BCHLN,Technical,No,1,1,25.0,2
6668-CNMFP,Technical,Yes,0,0,5.0,1
3588-WSTTJ,Other,No,1,1,48.0,2
4611-ANLQC,Billing,Yes,0,0,32.0,1
0895-UADGO,Other,No,1,0,40.0,1
5044-LRQAQ,Technical,Yes,0,0,22.0,2
8124-NZVGJ,Technical,No,1,0,18.0,1
0215-BQKGS,Contract,Yes,0,0,15.0,2
2815-CPTUL,Technical,No,0,1,34.0,1
4526-ZJJTM,Contract,No,1,0,49.0,1
1343-EHPYB,Billing,Yes,1,0,13.0,1
8999-BOHSE,Other,Yes,2,0,23.33,3
5934-RMPOV,Contract,Yes,1,0,46.0,1
5519-TEEUH,Contract,Yes,2,0,24.0,2
8748-HFWBO,Billing,No,1,0,16.0,1
8064-RAVOH,Billing,Yes,0,0,43.0,1
6646-VRFOL,Other,No,0,1,35.0,1
0311-QYWSS,Other,Yes,2,0,34.5,2
5176-LMJXE,Other,No,0,1,43.0,1
7665-NKLAV,Contract,Yes,0,0,8.0,1
1866-NXPSP,Billing,No,0,1,58.0,1
9681-OXGVC,Technical,Yes,1,0,59.0,1
1386-ZIKUV,Other,No,0,1,45.0,1
9738-QLWTP,Billing,Yes,0,0,44.0,1
6217-KDYWC,Technical,No,0,1,8.0,1
3865-YIOTT,Technical,Yes,1,0,22.0,2
5868-CZJDR,Contract,No,0,1,22.0,1
7872-RDDLZ,Billing,No,0,1,46.0,1
6918-UMQCG,Contract,No,1,1,21.5,2
6308-CQRBU,Billing,No,0,1,40.0,1
7074-IEVOJ,Other,Yes,0,0,17.0,1
6918-UMQCG,Technical,Yes,0,0,59.0,1
4433-JCGCG,Other,Yes,0,0,48.0,1
6702-OHFWR,Other,No,0,2,45.0,2
1208-NBVFH,Technical,No,1,0,8.0,1
7558-IMLMT,Technical,No,0,1,34.0,1
9600-NAXZN,Contract,No,0,1,7.0,1
6655-LHBYW,Billing,No,0,1,22.0,1
5872-OEQNH,Contract,Yes,1,0,33.0,1
9200-NLNPD,Billing,Yes,1,0,24.0,1
9494-BDNNC,Technical,No,0,2,42.5,2
5153-LXKDT,Other,Yes,0,0,30.0,2
0536-ACXIP,Contract,No,0,1,59.0,1
5995-SNNEW,Technical,No,0,1,41.0,1
6131-IUNXN,Contract,Yes,0,0,11.0,1
7203-OYKCT,Billing,Yes,0,0,44.0,1
1848-LBZHY,Other,Yes,0,0,6.0,1
1087-GRUYI,Technical,No,0,1,44.0,1
6908-VVYHM,Technical,Yes,0,0,42.5,2
2386-LAHRK,Other,Yes,0,0,13.0,1
2005-DWQZJ,Other,Yes,0,0,53.0,1
7722-CVFXN,Contract,Yes,0,0,58.0,1
7452-FOLON,Technical,No,0,1,20.0,1
1027-LKKQQ,Contract,Yes,1,0,5.0,1
1193-RTSLK,Other,Yes,0,0,32.0,1
4625-LAMOB,Contract,No,0,1,5.0,1
9300-AGZNL,Billing,No,0,1,37.0,1
5956-VKDTT,Technical,Yes,0,0,12.0,1
5338-YHWYT,Billing,No,0,1,19.0,1
3174-RKMOW,Contract,Yes,0,0,39.5,2
4770-UEZOX,Contract,Yes,0,0,32.0,1
1407-DIGZV,Technical,No,0,1,36.0,1
3551-GAEGL,Other,No,0,1,24.0,1
9558-IHEZX,Billing,Yes,0,0,38.0,1
4367-NHWMM,Technical,Yes,0,0,47.0,1
2789-CZANW,Other,No,0,1,49.0,1
1009-IRMNA,Billing,Yes,0,0,15.0,1
0420-TXVSG,Other,No,0,2,21.0,2
5057-RKGLH,Technical,Yes,0,0,32.0,1
8651-ENBZX,Other,Yes,1,0,56.0,1
1728-BQDMA,Contract,No,1,0,7.0,1
8690-ZVLCL,Technical,No,0,1,35.0,1
3865-ZYKAD,Technical,No,0,1,45.0,1
4829-ZLJTK,Other,Yes,0,0,16.0,1
5681-LLOEI,Contract,Yes,0,0,18.0,1
4504-YOULA,Contract,No,0,1,8.0,1
8592-PLTMQ,Other,No,0,1,37.0,1
0295-PPHDO,Billing,No,0,1,52.0,1
9300-AGZNL,Technical,No,1,0,29.0,1
8109-YUOHE,Other,No,0,1,51.0,1
9102-OXKFY,Contract,Yes,1,0,40.0,1
0567-GGCAC,Contract,Yes,0,0,23.0,2
2452-SNHFZ,Technical,No,1,0,11.0,1
6231-WFGFH,Billing,Yes,0,0,57.0,1
4143-HHPMK,Other,No,0,1,52.0,1
5981-ITEMU,Other,Yes,0,0,33.0,1
1465-WCZVT,Billing,Yes,1,0,60.0,1
6518-KZXCB,Technical,Yes,0,0,24.0,1
5321-NTRKC,Technical,No,1,0,9.0,1
3932-CMDTD,Contract,Yes,1,0,53.0,1
5985-BEHZK,Technical,Yes,1,0,34.5,2
3058-WQDRE,Technical,Yes,0,0,31.0,1
4274-OWWYO,Other,No,0,1,54.0,1
9993-LHIEB,Other,Yes,0,0,31.0,1
7997-EASSD,Contract,Yes,1,0,48.0,1
3927-NLNRY,Contract,No,0,1,11.0,1
9742-XOKTS,Billing,No,0,1,41.0,1
5882-CMAZQ,Billing,Yes,0,0,44.0,1
7270-BDIOA,Contract,No,0,2,50.5,2
5175-AOBHI,Billing,Yes,0,0,43.0,1
4065-JJAVA,Contract,No,0,1,20.0,1
8486-AYEQH,Technical,No,0,1,28.0,1
1934-SJVJK,Billing,Yes,0,0,47.0,1
6961-MJKBO,Technical,Yes,0,0,21.0,1
9092-GDZKO,Technical,Yes,1,0,43.0,1
8690-ZVLCL,Billing,Yes,0,0,58.0,1
9114-VEPUF,Billing,Yes,1,0,20.5,2
5514-YQENT,Contract,Yes,1,0,44.0,1
0480-BIXDE,Technical,Yes,1,0,9.0,1
3712-PKXZA,Other,Yes,0,0,48.0,1
9174-IHETN,Billing,Yes,0,0,53.0,1
8952-WCVCD,Other,Yes,0,0,28.0,1
0420-HLGXF,Billing,Yes,0,0,45.0,1
9223-UCPVT,Technical,Yes,0,0,34.0,1
1200-TUZHR,Contract,No,0,1,41.0,1
4376-KFVRS,Technical,No,0,1,45.0,1
5380-AFSSK,Contract,Yes,0,0,13.0,1
1684-FLBGS,Other,No,0,1,18.0,1
3623-FQBOX,Other,No,1,0,32.0,1
7427-AUFPY,Contract,No,1,0,40.0,1
0233-FTHAV,Contract,Yes,0,0,23.0,1
4611-ANLQC,Other,No,0,1,10.0,1
6198-RTPMF,Billing,No,0,1,39.0,1
3062-ICYZQ,Other,No,1,0,29.0,1
3174-RKMOW,Billing,Yes,1,0,25.0,2
6797-UCJHZ,Technical,No,0,1,41.0,1
5136-GFPMB,Technical,Yes,1,0,46.5,2
5469-CTCWN,Other,No,0,1,60.0,1
7636-PEPNS,Contract,No,1,1,22.5,2
9178-JHUVJ,Billing,No,0,1,9.0,1
2786-GCDPI,Technical,Yes,0,0,55.0,1
3707-GNWHM,Contract,No,1,0,60.0,1
7005-CCBKV,Contract,Yes,0,0,55.0,1
2080-GKCWQ,Other,No,0,1,9.0,1
0880-TKATG,Billing,No,0,2,17.0,2
4361-JEIVL,Contract,No,0,1,42.0,1
2101-RANCD,Technical,Yes,0,0,30.0,1
1571-SAVHK,Other,No,1,1,32.0,2
9210-IAHGH,Technical,Yes,0,0,13.0,1
6876-ADESB,Other,No,1,0,18.0,1
3551-HUAZH,Other,No,0,1,20.0,1
1169-WCVAK,Billing,No,1,2,27.67,3
5087-SUURX,Contract,No,0,1,10.0,1
4094-NSEDU,Technical,Yes,1,0,35.5,2
4018-PPNDW,Contract,Yes,1,0,56.0,1
9863-JZAIC,Contract,No,0,1,60.0,1
5356-RHIPP,Other,Yes,1,0,25.0,1
3694-DELSO,Technical,Yes,1,0,7.0,1
3223-DWFIO,Technical,Yes,0,0,12.0,1
9139-TWBAS,Other,No,0,1,59.0,1
4826-DXMUP,Other,No,0,1,20.0,1
6681-ZSEXG,Contract,Yes,0,0,6.0,1
1343-EHPYB,Other,No,0,1,24.0,1
3936-QQFLL,Other,No,1,0,46.0,1
9921-EZKBY,Billing,Yes,0,0,18.0,1
3192-LNKRK,Contract,Yes,0,0,33.0,1
3551-GAEGL,Contract,Yes,0,0,17.0,1
0940-OUQEC,Contract,Yes,1,0,22.0,2
6369-MCAKO,Technical,Yes,0,0,20.5,2
5055-BRMNE,Billing,Yes,0,0,18.0,1
6559-RAKOZ,Technical,No,0,1,42.0,1
9244-ZVAPM,Billing,Yes,0,0,28.0,1
5519-TEEUH,Other,Yes,1,0,37.0,1
7851-FLGGQ,Billing,Yes,0,0,28.0,1
2455-USLMV,Technical,Yes,0,0,29.0,1
6473-ULUHT,Other,Yes,0,0,23.0,1
3143-ILDAL,Billing,No,0,1,33.0,1
2589-AYCRP,Contract,No,1,0,15.0,1
2476-YGEFM,Contract,No,0,1,8.0,1
0356-ERHVT,Technical,No,0,1,47.0,1
9863-JZAIC,Other,No,0,1,19.0,1
3038-PQIUY,Billing,No,1,0,41.0,1
6586-MYGKD,Technical,No,0,1,58.0,1
3850-OKINF,Contract,No,0,1,41.0,1
1834-ABKHQ,Contract,No,0,1,16.0,1
2455-USLMV,Billing,No,0,1,50.0,1
4010-YLMVT,Contract,No,0,1,24.0,1
7109-MFBYV,Contract,Yes,0,0,28.0,1
1216-JWVUX,Contract,No,0,2,45.0,2
9137-NOQKA,Technical,Yes,0,0,34.0,1
9073-ZZIAY,Technical,No,0,1,34.0,1
3283-WCWXT,Technical,No,0,1,35.0,1
3315-IKYZQ,Technical,Yes,1,0,14.0,1
4690-LLKUA,Contract,No,1,0,11.0,1
5960-WPXQM,Other,No,0,1,29.0,1
1262-OPMFY,Other,No,0,1,19.0,1
9564-KCLHR,Contract,Yes,0,0,15.0,1
1084-MNSMJ,Billing,Yes,0,0,48.0,2
6961-MJKBO,Contract,Yes,0,0,17.0,1
7471-MQPOS,Billing,No,0,1,16.0,1
3675-EQOZA,Technical,No,0,1,59.0,1
8064-RAVOH,Other,No,1,0,36.0,1
0746-JTRFU,Other,No,0,1,26.0,1
6770-XUAGN,Other,Yes,0,0,27.0,1
0709-TVGUR,Contract,Yes,0,0,11.0,1
1403-GYAFU,Technical,No,0,1,44.0,1
4846-WHAFZ,Technical,No,0,1,23.0,1
1814-DKOLC,Billing,No,0,1,10.0,1
7109-MFBYV,Technical,Yes,0,0,35.0,1
1010-DIAUQ,Contract,No,1,0,50.0,1
4942-VZZOM,Billing,Yes,0,0,55.0,1
9411-TPQQV,Other,Yes,0,0,39.0,1
2869-ADAWR,Billing,Yes,0,0,48.0,1
5317-FLPJF,Contract,Yes,1,0,26.0,2
1157-BQCUW,Billing,No,0,1,24.0,1
2969-QWUBZ,Contract,No,0,2,39.0,2
7010-BRBUU,Contract,No,0,1,48.0,1
0439-IFYUN,Contract,Yes,0,0,50.0,1
6386-SZZKH,Contract,Yes,0,0,52.0,1
2636-ALXXZ,Other,Yes,0,0,38.0,1
6549-YMFAW,Contract,No,1,0,36.0,1
0562-FGDCR,Other,Yes,0,0,11.5,2
3850-OKINF,Technical,Yes,0,0,55.0,1
7925-PNRGI,Contract,Yes,0,0,57.0,1
8761-NSOBC,Technical,No,0,1,15.0,1
1448-CYWKC,Contract,Yes,0,0,22.5,2
5995-SNNEW,Other,Yes,0,0,28.0,1
3745-HRPHI,Billing,Yes,0,0,8.0,1
7508-MYBOG,Other,Yes,0,0,26.0,1
1087-GRUYI,Billing,Yes,0,0,17.0,1
3870-SPZSI,Technical,No,0,1,17.0,1
0235-KGSLC,Contract,Yes,1,0,33.0,2
4957-SREEC,Billing,No,0,1,10.0,1
8930-XOTDP,Contract,Yes,0,0,38.0,1
1722-LDZJS,Billing,Yes,0,0,50.0,1
1657-DYMBM,Technical,Yes,0,0,26.0,2
5599-HVLTW,Contract,Yes,0,0,14.0,1
5501-TVMGM,Billing,Yes,2,0,42.33,3
1555-DJEQW,Contract,Yes,0,0,19.0,1
7606-BPHHN,Billing,No,0,1,19.0,1
7841-TZDMQ,Other,No,1,0,52.0,1
3707-GNWHM,Billing,Yes,1,0,35.0,1
5027-YOCXN,Billing,No,0,1,13.0,1
2786-GCDPI,Other,No,0,1,18.0,1
7402-PWYJJ,Billing,Yes,0,0,25.0,1
6896-SRVYQ,Technical,No,0,1,57.0,1
5565-FILXA,Other,Yes,0,0,36.0,1
3623-FQBOX,Contract,No,0,1,54.0,1
0536-ACXIP,Other,No,0,1,39.0,1
6967-PEJLL,Billing,Yes,0,0,51.0,1
3647-GMGDH,Other,No,0,1,43.0,1
3551-HUAZH,Billing,No,1,0,55.0,1
6502-KUGLL,Other,Yes,0,0,14.0,1
0975-UYDTX,Other,No,0,1,36.0,1
4328-VUFWD,Contract,Yes,0,0,24.0,1
3062-ICYZQ,Other,Yes,1,0,14.0,2
9831-BPFRI,Technical,No,1,1,23.5,2
4458-KVRBJ,Other,Yes,0,0,7.0,1
7336-RLLRH,Billing,Yes,1,0,16.0,2
4690-LLKUA,Technical,Yes,1,0,18.0,1
6339-TBELP,Other,No,1,0,40.0,1
4942-VZZOM,Technical,No,1,1,23.5,2
8902-ZEOVF,Other,Yes,0,0,40.0,1
1846-XWOQN,Technical,No,0,1,23.0,1
7878-JGDKK,Contract,Yes,0,0,14.0,1
5924-SNGKP,Other,Yes,0,0,29.0,1
9912-GVSEQ,Contract,No,0,1,55.0,1
5349-AZPEW,Contract,No,0,2,30.0,2
5871-DGTXZ,Technical,No,0,1,38.0,1
1465-WCZVT,Technical,Yes,0,0,16.0,1
1057-FOGLZ,Technical,Yes,0,0,42.0,1
2211-RMNHO,Billing,No,0,2,15.5,2
1309-XGFSN,Contract,No,0,1,11.0,1
6034-YMTOB,Billing,No,1,1,40.0,2
7094-MSZAO,Contract,No,1,0,31.0,1
4831-EOBFE,Billing,No,0,1,54.0,1
0530-IJVDB,Billing,Yes,0,0,42.0,1
1414-YADCW,Billing,Yes,0,0,21.0,1
9127-QRZMH,Billing,No,0,1,42.0,1
3865-ZYKAD,Billing,No,0,1,7.0,1
0895-UADGO,Contract,No,0,1,31.0,1
5485-WUYWF,Other,Yes,1,0,43.0,1
6176-YJWAS,Contract,Yes,1,0,14.0,1
0975-UYDTX,Contract,Yes,0,0,27.0,1
2308-STERM,Other,No,1,0,35.0,1
4587-NUKOX,Technical,No,1,0,33.0,1
1304-SEGFY,Billing,No,0,1,51.0,1
4445-KWOKW,Other,Yes,0,0,27.0,1
7410-OIEDU,Contract,No,0,1,58.0,1
3370-GQEAL,Billing,Yes,0,0,48.0,1
4695-VADHF,Contract,Yes,0,0,49.0,1
6297-NOOPG,Contract,No,1,0,40.0,1
4124-MMETB,Technical,Yes,1,0,16.0,1
8066-POXGX,Technical,Yes,1,0,47.0,1
9139-TWBAS,Contract,No,0,1,51.0,1
6377-WHAOX,Other,No,0,1,37.0,1
6815-ABQFQ,Contract,No,0,1,14.0,1
6839-ITVZJ,Billing,No,1,1,42.0,2
9513-DXHDA,Technical,Yes,0,0,45.0,1
0420-HLGXF,Technical,Yes,0,0,47.0,1
7169-YWAMK,Other,No,0,1,32.0,1
7674-YTAFD,Technical,Yes,0,0,25.0,1
9058-HRZSV,Billing,No,0,1,19.0,1
6402-SSEJG,Technical,Yes,0,0,12.0,1
0578-SKVMF,Other,No,0,1,49.0,1
9564-KCLHR,Technical,No,0,1,9.0,1
8642-GVWRF,Contract,No,0,1,40.0,1
2100-BDNSN,Technical,Yes,0,0,53.0,1
2925-VDZHY,Contract,Yes,0,0,15.0,1
7577-SWIFR,Technical,No,1,0,18.0,1
0626-QXNGV,Technical,No,1,2,45.0,3
5549-ZGHFB,Other,Yes,0,0,28.0,1
1875-QIVME,Technical,No,1,0,35.0,1
9494-BDNNC,Billing,No,1,0,37.0,1
0623-EJQEG,Other,No,0,1,24.0,1
7812-FZHPE,Contract,No,0,1,21.0,1
5619-PTMIK,Technical,Yes,1,0,21.0,2
7427-AUFPY,Billing,No,0,2,37.0,2
5376-PCKNB,Billing,No,0,1,56.0,1
6421-SZVEM,Billing,Yes,0,0,56.0,1
2533-TIBIX,Other,Yes,0,0,30.0,1
1448-PWKYE,Billing,Yes,0,0,48.0,1
7798-JVXYM,Contract,No,0,1,52.0,1
5317-FLPJF,Billing,Yes,0,0,31.0,1
2002-MZHWP,Technical,No,1,0,19.0,1
6896-SRVYQ,Other,Yes,0,0,19.0,1
8823-RLPWL,Contract,Yes,0,0,45.0,1
9906-NHHVC,Contract,No,0,1,52.0,1
5429-LWCMV,Other,Yes,0,0,34.0,1
6532-YLWSI,Other,No,1,0,15.0,1
4983-CCWMC,Technical,No,0,1,43.0,1
4827-USJHP,Other,No,0,1,56.0,1
1465-WCZVT,Other,No,0,1,15.0,1
1087-GRUYI,Technical,Yes,0,0,45.0,1
4678-DVQEO,Other,No,0,1,44.0,1
2347-WKKAE,Contract,No,0,1,11.0,1
2946-KIQSP,Other,No,0,2,20.0,2
9233-PSYHO,Contract,No,0,1,49.0,1
9488-FVZCC,Other,Yes,0,0,33.0,1
8999-BOHSE,Technical,No,0,1,19.0,1
8996-ZROXE,Technical,Yes,1,0,41.0,1
5708-EVONK,Technical,Yes,0,0,32.0,1
9708-KFDBY,Technical,Yes,1,0,29.0,1
7072-MBHEV,Technical,Yes,0,0,45.0,1
7147-AYBAA,Technical,Yes,0,0,7.0,1
2828-SLQPF,Technical,Yes,0,0,60.0,1
5153-LXKDT,Other,No,1,0,24.0,1
1899-VXWXM,Technical,No,1,0,45.0,1
8099-MZPUJ,Other,No,0,1,55.0,1
4929-ROART,Contract,Yes,0,0,14.0,1
8111-RKSPX,Billing,No,0,1,41.0,1
8715-KKTFG,Technical,No,1,0,18.0,1
6096-EGVTU,Other,Yes,0,0,10.0,1
9885-CSMWE,Other,Yes,1,0,11.0,1
5485-WUYWF,Other,No,0,1,53.0,1
8992-OBVDG,Contract,Yes,0,0,30.0,2
9500-LTVBP,Other,No,0,1,23.0,1
4795-UXVCJ,Billing,No,0,1,25.0,1
4137-JOPHL,Technical,Yes,0,0,56.0,1
5442-XSDCW,Other,No,1,0,16.0,1
1846-XWOQN,Other,Yes,0,0,18.0,1
5392-AKEMH,Other,Yes,0,0,6.0,1
0420-HLGXF,Contract,No,1,0,32.0,1
1833-VGRUM,Technical,Yes,1,0,45.5,2
8908-NMQTX,Contract,No,0,2,27.5,2
9053-EJUNL,Technical,Yes,0,0,21.0,1
1618-CFHME,Other,Yes,0,0,43.0,1
5197-YPYBZ,Technical,No,0,1,41.0,1
3969-JQABI,Contract,No,0,1,52.0,1
5889-LFOLL,Contract,No,0,1,29.0,1
9577-WJVCQ,Other,Yes,1,0,5.0,1
6476-EPYZR,Other,Yes,0,0,31.5,2
9637-EIHEQ,Technical,No,1,0,56.0,1
6082-OQFBA,Billing,No,0,1,23.0,1
6599-CEBNN,Billing,Yes,0,0,16.0,1
0311-QYWSS,Other,No,0,1,45.0,1
8711-LOBKY,Contract,Yes,0,0,56.0,1
7296-PIXQY,Other,No,0,1,36.0,1
2077-DDHJK,Billing,No,0,2,23.5,2
5909-ECHUI,Contract,No,1,0,40.0,1
2347-WKKAE,Contract,Yes,0,0,32.0,1
9906-NHHVC,Technical,Yes,0,0,58.0,1
3458-IDMFK,Other,No,1,0,59.0,1
8731-WBBMB,Contract,No,0,1,59.0,1
1150-FTQGN,Technical,Yes,1,0,43.0,1
9073-ZZIAY,Billing,No,0,1,9.0,1
5298-GSTLM,Billing,No,0,1,20.0,1
1089-HDMKP,Other,Yes,0,0,20.0,1
4947-DSMXK,Other,Yes,0,0,37.67,3
1063-DHQJF,Other,Yes,0,0,41.0,1
9823-EALYC,Billing,Yes,0,0,16.0,1
9610-WCESF,Technical,No,0,1,20.0,1
8747-UDCOI,Technical,No,1,0,52.0,1
3853-LYGAM,Contract,Yes,0,0,12.0,1
8631-XVRZL,Contract,No,0,1,34.0,1
1895-QTKDO,Contract,Yes,1,0,7.0,1
3211-AAPKX,Contract,No,0,1,37.0,1
9537-VHDTA,Contract,Yes,0,0,34.0,1
1624-NALOJ,Billing,No,0,1,33.0,1
9313-QOLTZ,Technical,Yes,0,0,51.0,1
9681-OXGVC,Contract,No,1,0,45.0,1
4611-ANLQC,Billing,No,0,1,20.0,1
5174-ITUMV,Billing,No,0,1,28.0,1
1666-JZPZT,Technical,No,0,1,58.0,1
3173-WSSUE,Contract,Yes,1,0,12.0,1
6859-RKMZJ,Other,No,0,1,6.0,1
4652-ODEVH,Billing,Yes,0,0,40.0,1
8639-NHQEI,Other,No,0,1,17.0,1
7925-PNRGI,Technical,Yes,0,0,35.0,2
4065-JJAVA,Technical,Yes,0,0,36.0,1
9025-ZRPVR,Billing,Yes,0,0,13.0,1
4193-IBKSW,Technical,No,0,1,38.0,1
4826-DXMUP,Billing,No,0,2,46.0,2
7410-OIEDU,Technical,No,1,0,7.0,1
2956-GGUCQ,Billing,No,0,1,10.0,1
4291-SHSBH,Technical,Yes,0,0,56.0,1
2203-GHNWN,Other,Yes,1,0,13.0,2
9755-JHNMN,Technical,No,0,1,59.0,1
5392-AKEMH,Technical,Yes,0,0,20.0,1
3707-GNWHM,Contract,Yes,0,0,40.0,1
8722-PRFDV,Other,No,0,2,36.0,2
5504-WSIUR,Billing,Yes,0,0,60.0,1
7299-GNVPL,Technical,No,0,1,40.0,1
8606-OEGQZ,Technical,Yes,1,0,54.0,1
9871-ELEYA,Contract,Yes,0,0,18.0,1
3387-PLKUI,Contract,Yes,0,0,32.0,1
7577-SWIFR,Technical,Yes,0,0,60.0,1
8066-POXGX,Technical,No,0,1,46.0,1
6797-UCJHZ,Other,No,1,0,27.0,1
9578-FOMUK,Technical,Yes,1,0,11.0,1
7452-FOLON,Other,Yes,0,0,29.0,1
8399-YNDCH,Other,Yes,1,0,56.0,1
3062-ICYZQ,Billing,Yes,1,0,49.0,1
1218-VKFPE,Contract,Yes,1,0,53.0,1
0699-NDKJM,Technical,No,0,1,15.0,1
5019-GQVCR,Contract,Yes,0,0,56.0,1
8404-GFGCZ,Billing,Yes,0,0,45.0,1
7169-YWAMK,Technical,No,1,0,30.0,1
9142-KZXOP,Technical,Yes,1,0,49.0,1
0811-GSDTP,Other,No,1,0,5.0,1
5876-HZVZM,Technical,No,0,1,29.0,1
2903-YYTBW,Technical,Yes,1,0,28.0,1
1262-OPMFY,Technical,No,0,1,36.0,1
5960-WPXQM,Contract,No,0,1,15.0,1
1022-RKXDR,Contract,No,0,1,34.0,1
5928-QLDHB,Contract,Yes,1,0,17.5,2
6961-MJKBO,Contract,No,1,0,26.0,1
2637-FKFSY,Other,Yes,0,0,11.0,1
5751-USDBL,Contract,Yes,0,0,19.0,1
5536-RTPWK,Technical,No,0,1,54.0,1
1472-TNCWL,Billing,No,0,1,47.0,1
7156-MXBJE,Contract,Yes,0,0,15.0,1
2011-TRQYE,Other,No,0,1,56.0,1
8083-YTZES,Technical,No,0,2,44.0,2
2308-STERM,Technical,Yes,0,0,43.0,1
2075-RMJIK,Technical,Yes,1,0,55.0,1
1569-TTNYJ,Other,Yes,1,0,55.0,1
7576-JMYWV,Technical,Yes,0,0,24.5,2
1399-OUPJN,Technical,Yes,0,0,51.0,1
7094-MSZAO,Technical,No,0,1,42.0,1
4550-EVXNY,Billing,Yes,2,0,25.5,2
9795-SHUHB,Technical,No,0,1,39.0,1
5376-PCKNB,Other,Yes,0,0,24.0,1
5389-FFVKB,Contract,No,0,2,15.5,2
6023-GSSXW,Other,Yes,1,0,10.0,1
1194-HVAIF,Technical,No,0,1,34.0,1
6821-JPCDC,Contract,No,1,0,59.0,1
4065-JJAVA,Contract,Yes,0,0,33.0,2
5899-OUVKV,Contract,No,0,1,42.0,1
3458-IDMFK,Technical,No,1,0,6.0,1
7551-DACSP,Billing,No,1,0,41.0,1
4210-QFJMF,Billing,Yes,0,0,60.0,1
1010-DIAUQ,Billing,Yes,0,0,58.0,1
4124-MMETB,Contract,Yes,0,0,50.0,1
7379-POKDZ,Other,Yes,0,0,10.0,1
3373-DIUUN,Billing,No,1,1,37.5,2
3547-LQRIK,Billing,Yes,0,0,7.0,1
4797-AXPXK,Technical,Yes,0,0,60.0,1
6510-UPNKS,Billing,Yes,0,0,43.0,1
1298-PHBTI,Billing,No,0,1,6.0,1
2359-KMGLI,Billing,Yes,0,0,42.0,1
7718-UPSKJ,Other,Yes,0,0,43.0,2
9396-ZSFLL,Contract,No,1,0,24.0,1
5174-ITUMV,Contract,No,1,0,25.0,1
5406-KGRMX,Contract,Yes,1,0,27.0,2
3211-ILJTT,Contract,Yes,0,0,21.0,1
0530-IJVDB,Billing,No,0,1,59.0,1
9776-OJUZI,Other,Yes,0,0,60.0,1
4232-JGKIY,Other,No,0,1,43.0,1
6352-GIGGQ,Other,Yes,0,0,54.0,1
1555-DJEQW,Technical,Yes,0,0,48.0,1
9742-XOKTS,Billing,Yes,0,0,49.0,1
4817-VYYWS,Technical,No,0,1,12.0,1
4009-ALQFH,Contract,Yes,1,0,48.0,1
8642-GVWRF,Technical,No,0,1,25.0,1
5527-ACHSO,Billing,No,1,0,27.0,1
0233-FTHAV,Technical,Yes,0,0,11.0,1
6692-YQHXC,Technical,No,0,1,46.0,1
4367-NHWMM,Billing,No,1,0,16.0,1
9026-LHEVG,Other,Yes,0,0,22.0,1
2990-HWIML,Contract,No,1,0,19.0,1
4452-ROHMO,Contract,No,0,1,32.0,1
2522-WLNSF,Technical,Yes,1,0,41.0,1
7674-YTAFD,Contract,No,0,1,60.0,1
0428-AXXLJ,Billing,No,0,1,30.0,1
1875-QIVME,Other,No,0,1,18.0,1
8314-HTWVE,Billing,No,1,0,55.0,1
4184-TJFAN,Technical,No,0,1,44.0,1
2386-LAHRK,Technical,Yes,0,0,23.0,1
2476-YGEFM,Contract,Yes,1,0,12.0,1
1971-DTCZB,Contract,Yes,1,0,32.0,1
8083-YTZES,Billing,Yes,1,0,51.0,1
0134-XWXCE,Technical,No,1,0,47.0,1
6603-QWSPR,Contract,Yes,0,0,60.0,1
8606-CIQUL,Billing,No,2,0,17.5,2
0203-HHYIJ,Billing,No,1,1,47.0,2
7074-IEVOJ,Billing,Yes,0,0,53.0,1
5961-VUSRV,Billing,No,0,1,25.0,1
1624-NALOJ,Contract,No,0,1,23.0,1
5442-XSDCW,Technical,No,0,2,48.0,2
6857-TKDJV,Technical,No,0,1,29.0,1
3766-EJLFL,Technical,Yes,0,0,29.0,1
9693-XMUOB,Billing,No,0,1,11.0,1
4513-CXYIX,Technical,Yes,0,0,10.0,1
8812-ZRHFP,Contract,Yes,0,0,26.0,1
7831-QGOXH,Technical,Yes,0,0,37.0,1
5149-QYTTU,Billing,Yes,0,0,21.0,1
1027-LKKQQ,Technical,No,0,1,50.0,1
0567-GGCAC,Contract,No,0,1,16.0,1
3936-QQFLL,Technical,No,1,0,44.0,1
0147-ESWWR,Technical,No,0,1,54.0,1
0795-GMVQO,Billing,Yes,0,0,21.0,1
6734-GMPVK,Contract,Yes,0,0,10.0,1
6502-KUGLL,Technical,No,1,0,37.0,1
6496-JDSSB,Billing,No,0,1,26.0,1
0486-HECZI,Contract,Yes,1,0,60.0,1
5909-ECHUI,Contract,Yes,0,0,59.5,2
8642-GVWRF,Contract,Yes,1,0,57.0,1
7925-PNRGI,Other,Yes,0,0,47.0,1
4750-UKWJK,Billing,No,0,1,23.0,1
9135-MGVPY,Technical,Yes,1,0,7.0,1
8073-IJDCM,Contract,No,1,0,34.0,1
6599-CEBNN,Other,Yes,0,0,33.0,1
7576-JMYWV,Billing,No,1,0,30.0,1
6815-ABQFQ,Other,No,0,1,19.0,1
2946-KIQSP,Technical,No,1,0,48.0,1
8823-RLPWL,Contract,No,0,1,56.0,1
1708-PBBOA,Technical,No,0,1,40.0,1
2096-XOTMO,Billing,No,0,1,7.0,1
2690-DVRVK,Technical,Yes,0,0,40.0,1
3419-SNJJD,Contract,No,0,1,6.0,1
6862-CQUMB,Contract,No,0,1,57.0,1
0147-ESWWR,Other,Yes,0,0,39.0,1
1996-DBMUS,Billing,No,0,1,43.0,1
5906-DVAPM,Technical,No,0,1,20.0,1
5392-AKEMH,Contract,Yes,0,0,26.0,1
5549-ZGHFB,Contract,Yes,0,0,35.0,1
3452-GWUIN,Contract,Yes,0,0,42.0,1
5928-QLDHB,Technical,No,2,0,41.0,2
4671-LXRDQ,Other,No,0,1,7.0,1
0147-ESWWR,Other,No,0,1,54.0,1
9092-GDZKO,Other,Yes,0,0,46.0,1
3904-UKFRE,Technical,Yes,0,0,23.5,2
9773-PEQBZ,Contract,No,0,1,55.0,1
6166-ILMNY,Billing,No,0,2,37.5,2
7169-YWAMK,Billing,Yes,0,0,43.0,1
6862-CQUMB,Technical,Yes,0,0,33.0,1
5846-ABOBJ,Other,No,0,1,45.0,1
1303-SRDOK,Billing,No,0,1,44.0,1
1569-TTNYJ,Technical,No,0,1,12.0,1
3551-HUAZH,Contract,No,1,1,19.0,2
7041-TXQJH,Other,Yes,1,0,30.5,2
1216-JWVUX,Technical,Yes,1,0,7.0,1
5813-UECBU,Billing,Yes,0,0,35.0,1
2589-AYCRP,Technical,No,0,1,27.0,1
8799-OXZMD,Technical,No,0,1,17.0,1
4451-RWASJ,Technical,No,0,1,53.0,1
5751-USDBL,Billing,Yes,0,0,34.0,1
2458-EOMRE,Technical,No,1,0,32.0,1
4104-PVRPS,Contract,No,0,1,54.0,1
4690-LLKUA,Billing,No,0,1,52.0,1
0410-IPFTY,Technical,Yes,0,0,53.0,1
5012-YSPJJ,Other,Yes,0,0,25.0,1
2405-LBMUW,Other,Yes,0,0,54.0,1
4011-ARPHK,Other,No,0,1,16.0,1
6285-FTQBF,Other,Yes,0,0,6.0,1
5934-TSSAU,Technical,No,1,0,46.0,1
7032-LMBHI,Billing,No,0,1,44.0,1
3658-KIBGF,Contract,No,0,1,14.0,1
6260-XLACS,Other,No,0,1,41.0,1
7973-DZRKH,Contract,No,0,1,32.0,1
7605-BDWDC,Contract,No,0,1,43.0,1
2081-VEYEH,Other,No,0,1,23.0,1
6227-HWPWX,Contract,No,1,0,50.0,1
7131-ZQZNK,Contract,No,0,1,48.0,1
5519-TEEUH,Technical,No,0,1,33.0,1
9101-NTIXF,Contract,Yes,0,0,9.0,1
9619-GSATL,Other,No,0,1,5.0,1
3506-OVLKD,Billing,No,0,1,43.0,1
0780-XNZFN,Contract,Yes,0,0,54.0,1
2203-GHNWN,Billing,Yes,0,0,54.0,1
4860-IJUDE,Technical,Yes,0,0,30.0,1
9139-TWBAS,Other,Yes,1,0,19.0,1
9136-ALYBR,Other,Yes,0,0,32.0,2
7446-YPODE,Billing,No,1,0,19.0,1
5349-AZPEW,Contract,Yes,0,0,23.0,1
0432-CAJZV,Billing,Yes,0,0,51.0,1
5208-FVQKB,Contract,No,1,1,45.0,2
3404-JNXAX,Technical,Yes,0,0,5.0,2
4011-ARPHK,Other,Yes,0,0,21.0,1
7577-SWIFR,Contract,No,0,1,19.0,1
7133-VBDCG,Billing,Yes,1,0,18.0,1
1820-TQVEV,Technical,Yes,0,0,41.0,1
8203-XJZRC,Contract,No,0,3,27.0,3
5599-HVLTW,Contract,No,0,2,22.0,2
8707-RMEZH,Technical,No,1,0,56.0,1
0811-GSDTP,Billing,Yes,0,0,41.5,2
4060-LDNLU,Technical,No,0,1,18.0,1
7577-SWIFR,Other,Yes,0,0,39.0,1
4929-ROART,Contract,No,0,1,19.0,1
4671-LXRDQ,Other,Yes,0,0,13.5,2
9200-NLNPD,Other,No,0,1,35.0,1
3898-GUYTS,Billing,Yes,0,0,43.0,1
0442-TDYUO,Contract,No,1,0,14.0,1
6038-GCYEC,Billing,Yes,1,0,50.0,1
5889-LFOLL,Contract,Yes,0,0,8.0,1
5514-YQENT,Technical,Yes,1,0,38.0,1
1218-VKFPE,Technical,Yes,1,0,35.0,1
4458-KVRBJ,Contract,Yes,0,0,59.0,1
6258-NGCNG,Technical,Yes,0,0,12.0,1
6692-YQHXC,Billing,Yes,0,0,20.0,1
0973-KYVNF,Technical,No,0,1,7.0,1
7114-AEOZE,Technical,Yes,0,0,39.0,1
5960-WPXQM,Other,Yes,0,0,32.0,1
7602-MVRMB,Other,No,0,1,17.0,1
3359-DSRKA,Contract,No,0,1,19.0,1
4381-MHQDC,Billing,No,0,1,15.0,1
4049-ZPALD,Contract,Yes,0,0,46.0,1
5501-TVMGM,Contract,No,1,0,54.0,1
7114-AEOZE,Contract,No,0,1,13.0,1
5317-FLPJF,Other,Yes,0,0,12.0,1
9755-JHNMN,Billing,No,1,1,27.5,2
1472-TNCWL,Billing,Yes,0,0,14.0,1
3420-ZDBMA,Technical,Yes,0,0,37.0,1
1309-BXVOQ,Billing,Yes,0,0,53.0,1
1379-FRVEB,Technical,Yes,0,0,56.0,1
3898-GUYTS,Technical,Yes,0,0,18.0,1
1684-FLBGS,Other,Yes,1,0,18.5,2
5429-LWCMV,Contract,No,1,1,37.5,2
5276-KQWHG,Other,Yes,1,0,33.0,1
6979-ZNSFF,Other,No,0,1,13.0,1
9948-YPTDG,Contract,No,0,1,19.0,1
4947-DSMXK,Technical,Yes,1,0,35.5,2
0536-ACXIP,Technical,No,0,1,30.0,1
3419-SNJJD,Billing,Yes,1,0,42.67,3
1820-TQVEV,Other,No,1,0,36.0,1
8183-ONMXC,Technical,Yes,0,0,25.0,1
1047-RNXZV,Other,Yes,0,0,34.5,2
4513-CXYIX,Other,Yes,0,0,42.0,1
1320-GVNHT,Technical,No,0,1,56.0,1
6681-ZSEXG,Billing,No,0,1,23.0,1
7311-MQJCH,Other,No,0,1,44.0,1
4094-NSEDU,Contract,No,0,1,16.0,1
2761-XECQW,Other,No,0,1,10.0,1
4513-CXYIX,Contract,No,0,1,36.0,1
8464-EETCQ,Other,Yes,1,0,9.0,1
7722-CVFXN,Technical,No,0,2,38.5,2
3319-DWOEP,Contract,Yes,0,0,36.0,1
5909-ECHUI,Billing,Yes,0,0,59.0,1
8711-LOBKY,Billing,No,1,0,36.0,1
4786-UKSNZ,Other,Yes,0,0,29.0,2
1855-AGAWH,Billing,Yes,0,0,53.0,1
1135-HIORI,Contract,Yes,0,0,6.0,1
7758-XKCBS,Billing,Yes,0,0,17.0,1
5027-YOCXN,Other,Yes,0,0,5.0,1
1343-EHPYB,Technical,No,0,1,47.0,1
6692-YQHXC,Other,No,0,1,22.0,1
9411-TPQQV,Contract,Yes,0,0,58.0,1
6961-MJKBO,Other,No,0,1,59.0,1
5248-RPYWW,Technical,Yes,0,0,26.0,1
2928-HLDBA,Other,Yes,1,0,53.0,1
7853-WNZSY,Technical,No,1,0,7.0,1
2990-HWIML,Technical,Yes,0,0,23.0,1
5630-IXDXV,Contract,No,0,2,33.5,2
0716-BQNDX,Other,Yes,0,0,33.0,1
3771-PZOBW,Contract,No,0,1,7.0,1
4018-PPNDW,Contract,No,0,1,17.0,1
6166-ILMNY,Technical,Yes,0,0,50.0,1
6655-LHBYW,Billing,Yes,0,0,53.0,1
2391-SOORI,Contract,No,0,1,10.0,1
3192-LNKRK,Contract,No,0,1,6.0,1
5651-CRHKQ,Technical,Yes,0,0,15.0,1
0958-YHXGP,Contract,No,1,0,29.0,1
3186-BAXNB,Billing,Yes,0,0,10.0,1
6504-VBLFL,Technical,Yes,0,0,51.0,1
5985-TBABQ,Other,No,1,0,6.0,1
2637-FKFSY,Contract,No,1,0,30.0,1
7841-FCRQD,Other,Yes,0,0,20.0,1
4452-ROHMO,Contract,Yes,0,0,12.0,1
3049-SOLAY,Contract,Yes,1,0,53.5,2
5961-VUSRV,Billing,Yes,0,0,47.0,2
9871-ELEYA,Other,No,0,1,18.0,1
5884-GCYMI,Other,Yes,1,0,50.0,1
3750-CKVKH,Contract,Yes,0,0,21.0,1
8606-CIQUL,Other,No,0,1,43.0,1
3824-RHKVR,Other,Yes,0,0,51.0,1
8914-RBTSB,Billing,No,0,1,36.0,1
1087-GRUYI,Contract,No,0,1,43.0,1
6510-UPNKS,Other,No,1,0,40.0,1
7576-JMYWV,Other,No,0,1,22.0,1
6518-KZXCB,Other,No,0,1,21.0,1
2984-RGEYA,Other,No,0,1,7.0,1
1379-FRVEB,Contract,Yes,0,0,5.0,1
3359-DSRKA,Technical,Yes,0,0,40.0,1
8930-XOTDP,Other,No,0,1,24.0,1
5872-OEQNH,Billing,No,1,0,22.0,1
8194-PEEBY,Other,Yes,0,0,41.0,1
7244-QWYHG,Billing,No,0,1,15.0,1
5176-LMJXE,Billing,Yes,0,0,50.0,1
3262-EIDHV,Other,Yes,0,0,22.0,1
1309-XGFSN,Other,No,0,1,21.0,1
5542-DHSXL,Other,No,0,1,5.0,1
6227-HWPWX,Technical,No,0,2,34.5,2
4671-LXRDQ,Billing,Yes,0,0,29.0,1
0602-DDUML,Other,Yes,0,0,39.0,1
2637-FKFSY,Billing,Yes,1,0,37.0,1
7379-POKDZ,Technical,No,1,0,44.0,1
6603-QWSPR,Other,No,0,4,24.5,4
8651-ENBZX,Contract,Yes,0,0,24.0,2
4367-NHWMM,Billing,Yes,0,0,23.0,1
8823-RLPWL,Billing,Yes,1,0,10.0,1
1153-GNOLC,Technical,Yes,0,0,45.0,1
2876-GZYZC,Other,Yes,0,0,38.0,1
6892-BOGQE,Contract,Yes,0,0,44.0,1
0432-CAJZV,Other,Yes,1,0,47.0,1
6827-IEAUQ,Billing,Yes,0,0,22.67,3
8337-MSSXB,Other,Yes,1,0,42.0,1
8908-NMQTX,Billing,No,0,1,33.0,1
4104-PVRPS,Billing,Yes,1,0,56.0,1
6979-ZNSFF,Other,Yes,0,0,26.0,1
8681-ICONS,Billing,Yes,0,0,47.0,1
3865-ZYKAD,Other,Yes,1,0,34.0,1
7114-AEOZE,Other,No,0,1,52.0,1
1153-GNOLC,Contract,No,0,1,29.0,1
1218-VKFPE,Other,No,0,1,21.0,1
4750-UKWJK,Other,Yes,1,0,50.0,1
2162-FRZAA,Billing,Yes,0,0,51.0,1
0439-IFYUN,Contract,No,0,1,9.0,1
8205-OTCHB,Contract,Yes,1,0,6.0,1
8305-VHZBZ,Contract,Yes,1,0,25.0,1
4526-ZJJTM,Billing,Yes,1,0,33.0,1
2812-REYAT,Contract,No,0,1,14.0,1
1154-HYWWO,Technical,Yes,0,0,11.0,1
1684-FLBGS,Billing,No,1,0,18.0,1
7665-NKLAV,Other,No,0,1,37.0,1
6194-HBGQN,Technical,Yes,0,0,56.0,1
4686-UXDML,Billing,Yes,0,0,33.0,2
5019-GQVCR,Other,Yes,1,0,38.0,3
5351-QESIO,Billing,No,1,0,34.0,1
3658-KIBGF,Billing,No,1,0,9.0,1
0356-ERHVT,Other,Yes,0,0,55.0,1
6080-TCMYC,Billing,No,0,1,49.0,1
9488-FVZCC,Technical,Yes,0,0,25.0,1
1624-NALOJ,Contract,Yes,0,0,33.0,1
8731-WBBMB,Other,No,0,1,55.0,1
8434-PNQZX,Other,Yes,0,0,13.0,1
8100-PNJMH,Technical,No,1,0,21.0,1
3058-WQDRE,Other,No,1,0,10.0,1
7471-MQPOS,Technical,Yes,0,0,40.0,1
5934-RMPOV,Technical,Yes,0,0,24.0,1
3096-WPXBT,Technical,No,0,1,34.0,1
7657-DYEPJ,Billing,No,0,1,11.0,1
3745-HRPHI,Other,Yes,1,0,39.0,1
3512-IZIKN,Billing,Yes,0,0,42.0,1
0311-QYWSS,Billing,Yes,0,0,34.0,1
8874-EJNSR,Technical,No,0,1,58.0,1
8908-NMQTX,Other,Yes,0,0,25.0,1
5136-GFPMB,Billing,Yes,0,0,52.0,1
2587-YNLES,Contract,Yes,1,0,32.0,1
6371-NZYEG,Billing,Yes,0,0,24.0,1
5351-QESIO,Technical,No,0,1,19.0,1
9912-GVSEQ,Technical,No,0,1,23.0,1
4817-VYYWS,Technical,Yes,0,0,47.0,2
1971-DTCZB,Contract,No,1,1,43.5,2
1493-AMTIE,Technical,Yes,0,0,25.0,1
0880-TKATG,Contract,No,0,1,55.0,1
6386-SZZKH,Billing,No,1,0,27.0,1
8217-QYOHV,Other,Yes,0,0,13.0,1
7094-MSZAO,Technical,Yes,0,0,8.0,1
1790-NESIO,Other,Yes,0,0,18.0,1
4455-BFSPD,Contract,No,0,1,23.0,1
5998-DZLYR,Technical,Yes,0,0,39.0,1
6016-NXBNJ,Billing,Yes,0,0,22.0,1
2946-KIQSP,Billing,Yes,0,0,57.0,1
7973-DZRKH,Technical,Yes,1,0,52.0,1
1456-TWCGB,Contract,No,1,0,48.0,1
9715-WZCLW,Contract,Yes,0,0,25.5,2
7319-VENRZ,Other,Yes,0,0,17.0,1
8166-ZZTFS,Billing,No,0,1,30.0,1
9602-WCXPI,Billing,No,0,1,12.0,1
3319-DWOEP,Technical,No,0,1,18.0,1
1907-UBQFC,Billing,No,0,2,36.5,2
5753-QQWPW,Billing,No,1,0,9.0,1
6473-ULUHT,Technical,No,0,1,55.0,1
0212-ISBBF,Billing,No,1,0,21.0,1
1399-OUPJN,Other,No,0,1,25.0,1
2789-CZANW,Technical,Yes,0,0,39.0,1
1042-HFUCW,Other,Yes,1,0,19.5,2
1907-UBQFC,Technical,Yes,0,0,11.0,1
9586-JGQKH,Other,No,0,1,47.0,1
3675-EQOZA,Technical,Yes,0,0,48.0,1
3635-JBPSG,Other,No,0,1,43.0,1
5998-DZLYR,Other,No,0,1,29.0,1
5110-CHOPY,Technical,No,0,2,39.0,2
5882-CMAZQ,Billing,No,0,1,17.0,1
8761-NSOBC,Billing,No,0,1,40.0,1
0278-YXOOG,Contract,Yes,0,0,16.0,1
9127-QRZMH,Technical,No,0,1,10.0,1
5242-UOWHD,Other,Yes,1,0,17.0,1
7860-UXCRM,Contract,Yes,1,0,25.0,1
3647-GMGDH,Other,Yes,0,0,22.0,1
5504-WSIUR,Technical,Yes,1,0,57.5,2
4903-CNOZC,Technical,Yes,0,0,54.0,1
5197-YPYBZ,Contract,No,1,0,11.0,1
0601-WZHJF,Other,Yes,1,0,38.0,1
5906-DVAPM,Billing,Yes,0,0,32.0,1
2330-PQGDQ,Other,Yes,0,0,19.0,1
7142-HVGBG,Billing,Yes,0,0,28.0,1
4979-HPRFL,Billing,No,0,1,10.0,1
7798-JVXYM,Billing,No,0,1,35.0,1
1555-DJEQW,Other,No,0,1,25.0,1
5494-WOZRZ,Technical,No,1,0,57.0,1
6332-FBZRI,Other,No,0,1,48.0,1
8905-IAZPF,Other,Yes,0,0,36.0,1
2458-EOMRE,Contract,Yes,0,0,56.5,2
2408-WITXK,Technical,Yes,0,0,10.0,1
0233-FTHAV,Contract,No,0,1,10.0,1
2162-FRZAA,Billing,No,0,1,5.0,1
5016-LIPDW,Technical,No,0,1,42.0,1
2811-POVEX,Billing,No,1,0,13.0,1
9092-GDZKO,Other,No,0,1,10.0,1
2237-ZFSMY,Other,No,0,1,14.0,1
2990-HWIML,Billing,No,1,0,42.0,1
2391-SOORI,Other,No,0,1,30.0,1
5087-SUURX,Technical,No,0,1,31.0,1
2088-IEBAU,Technical,Yes,1,0,9.0,2
9755-JHNMN,Contract,No,0,1,48.0,1
5960-WPXQM,Billing,No,1,1,38.0,2
7718-UPSKJ,Technical,Yes,1,0,26.0,2
1414-YADCW,Technical,No,0,1,40.0,1
5876-HZVZM,Other,Yes,0,0,42.0,1
3251-YMVWZ,Contract,No,0,1,32.0,1
4786-UKSNZ,Billing,Yes,0,0,18.0,1
2690-DVRVK,Billing,No,1,0,38.0,1
6946-LMSQS,Technical,No,0,1,40.0,1
9391-EOYLI,Technical,Yes,0,0,33.0,2
1091-SOZGA,Technical,Yes,1,0,57.0,1
5380-AFSSK,Billing,No,0,2,36.0,2
3049-SOLAY,Billing,Yes,1,0,59.0,1
7416-CKTEP,Contract,Yes,0,0,19.0,1
7072-MBHEV,Billing,No,0,1,13.0,1
5846-ABOBJ,Other,Yes,0,0,23.0,1
3724-BSCVH,Contract,Yes,1,0,27.0,1
8063-RJYNF,Billing,Yes,0,0,15.0,1
3824-RHKVR,Billing,No,0,2,8.5,2
9127-QRZMH,Contract,Yes,0,0,9.0,1
2882-DDZPG,Contract,Yes,0,0,10.0,1
6181-AXXYF,Technical,Yes,0,0,23.0,1
2479-BRAMR,Billing,No,1,0,38.0,1
5380-WJKOV,Technical,No,0,1,31.0,1
2507-QZPQS,Contract,Yes,0,0,27.0,1
1399-OUPJN,Contract,No,0,1,50.0,1
6624-JDRDS,Other,No,0,1,34.0,1
7852-LECYP,Other,Yes,0,0,45.0,1
0928-XUTSN,Other,No,0,1,13.0,1
9518-XXBXE,Other,Yes,0,0,45.0,2
3217-FZDMN,Contract,No,0,1,23.0,1
8237-ULIXL,Technical,No,0,2,54.5,2
2380-DAMQP,Technical,Yes,0,0,43.0,1
4566-NECEV,Contract,No,0,1,18.0,1
5338-YHWYT,Contract,No,0,1,16.0,1
1448-PWKYE,Billing,No,0,1,28.0,1
7410-OIEDU,Other,Yes,0,0,30.0,1
1666-JZPZT,Billing,Yes,0,0,15.0,1
4451-RWASJ,Other,No,1,0,45.0,1
1848-LBZHY,Other,No,0,1,21.0,1
9432-RUVSL,Contract,Yes,0,0,53.0,1
5701-SVCWR,Billing,Yes,1,0,51.5,2
6532-YLWSI,Technical,Yes,0,0,24.0,2
7016-BPGEU,Billing,No,0,1,33.0,1
2359-QWQUL,Billing,No,0,2,47.5,2
2840-XANRC,Other,No,0,1,37.0,1
4049-ZPALD,Billing,Yes,0,0,17.0,1
7853-WNZSY,Other,Yes,0,0,16.0,1
8434-PNQZX,Technical,Yes,1,0,12.0,1
6308-CQRBU,Contract,Yes,0,0,34.5,2
2002-MZHWP,Contract,Yes,0,0,14.0,1
2100-BDNSN,Other,Yes,0,0,19.0,1
3398-ZOUAA,Contract,Yes,1,0,6.0,1
5310-NOOVA,Other,Yes,0,0,41.0,1
3512-IZIKN,Other,Yes,1,0,38.0,1
4032-RMHCI,Technical,Yes,0,0,6.0,1
5356-RHIPP,Contract,No,0,1,41.0,1
0626-QXNGV,Billing,Yes,1,0,21.0,1
5542-DHSXL,Contract,No,1,0,20.0,1
8748-HFWBO,Technical,No,0,1,38.0,1
1385-TQOZW,Contract,Yes,0,0,37.0,1
1768-ZAIFU,Technical,Yes,0,0,18.5,2
7909-FIOIY,Billing,Yes,0,0,46.0,1
7596-ZYWBB,Contract,Yes,0,0,20.0,1
2690-DVRVK,Other,No,0,2,17.0,2
8313-AFGBW,Other,No,0,1,26.0,1
1057-FOGLZ,Contract,No,0,3,21.33,3
5656-JAMLX,Contract,Yes,0,0,10.0,1
1306-RPWXZ,Technical,Yes,1,0,43.0,2
5619-PTMIK,Technical,No,0,1,24.0,1
9659-QEQSY,Billing,Yes,1,0,47.5,2
9327-QSDED,Contract,Yes,0,0,26.0,1
6624-JDRDS,Billing,No,0,1,48.0,1
9738-QLWTP,Other,Yes,1,0,41.0,1
7815-PDTHL,Contract,No,1,0,7.0,1
9619-GSATL,Technical,Yes,0,0,54.0,1
0979-MOZQI,Billing,No,0,1,24.0,1
7812-FZHPE,Other,Yes,1,0,27.5,2
3049-SOLAY,Technical,No,0,1,40.0,1
4361-JEIVL,Technical,No,0,1,12.0,1
2995-UPRYS,Billing,Yes,0,0,41.0,1
3647-GMGDH,Billing,Yes,0,0,11.0,1
0254-FNMCI,Contract,No,0,1,43.0,1
5985-BEHZK,Billing,No,0,2,50.5,2
5380-AFSSK,Technical,Yes,0,0,51.0,1
3824-RHKVR,Contract,No,0,1,25.0,1
8647-SDTWQ,Billing,Yes,0,0,48.0,1
2828-SLQPF,Technical,No,1,0,56.0,1
0410-IPFTY,Contract,Yes,0,0,8.0,1
4957-TREIR,Other,No,0,1,35.0,1
9693-XMUOB,Billing,Yes,1,0,22.0,2
6741-QRLUP,Other,No,1,0,17.0,1
6051-PTVNS,Technical,No,0,1,16.0,1
8681-ICONS,Other,No,0,1,24.0,1
9432-RUVSL,Other,Yes,2,0,27.67,3
3261-CQXOL,Contract,No,0,1,35.0,1
0017-DINOC,Billing,Yes,1,0,51.0,1
5832-EXGTT,Other,Yes,0,0,56.0,1
7852-LECYP,Other,No,0,2,19.0,2
0958-YHXGP,Billing,Yes,0,0,19.0,1
6752-APNJL,Billing,Yes,1,0,54.0,1
8905-IAZPF,Billing,Yes,0,0,19.0,1
4695-VADHF,Billing,Yes,0,0,30.0,1
5313-FPXWG,Billing,Yes,1,0,31.0,1
4075-JFPGR,Billing,Yes,0,0,24.0,1
6051-PTVNS,Other,Yes,0,0,46.0,1
3927-NLNRY,Other,No,1,0,14.0,1
8205-OTCHB,Technical,Yes,0,0,41.0,1
3470-BTGQO,Contract,Yes,0,0,35.0,1
3969-JQABI,Other,No,0,1,13.0,1
7416-CKTEP,Technical,No,1,0,53.0,1
8067-NIOYM,Technical,Yes,0,0,29.0,1
6297-NOOPG,Other,Yes,0,0,38.0,1
5380-WJKOV,Contract,No,0,1,57.0,1
1456-TWCGB,Other,No,0,1,55.0,1
2984-RGEYA,Other,Yes,0,0,22.0,1
6999-CHVCF,Contract,Yes,0,0,46.0,1
5307-DZCVC,Billing,No,0,1,13.0,1
2100-BDNSN,Other,No,0,1,15.0,1
9578-FOMUK,Other,No,0,1,23.0,1
3771-PZOBW,Other,Yes,1,0,50.0,2
5956-VKDTT,Other,No,0,1,24.0,1
4445-KWOKW,Contract,Yes,0,0,41.0,1
0909-SDHNU,Other,No,1,1,19.5,2
3658-KIBGF,Technical,Yes,0,0,31.0,1
8513-OLYGY,Contract,Yes,0,0,37.5,2
3373-DIUUN,Other,No,0,1,45.0,1
6286-ZHAOK,Billing,No,1,0,39.0,1
6176-YJWAS,Technical,No,0,1,5.0,1
7675-OZCZG,Technical,Yes,1,0,43.0,1
1184-PJVDB,Other,Yes,0,0,36.0,1
4892-VLANZ,Technical,Yes,0,0,48.0,1
2080-GKCWQ,Contract,Yes,0,0,16.0,1
7636-PEPNS,Technical,Yes,0,0,11.0,1
7675-OZCZG,Contract,No,0,2,38.5,2
7156-MXBJE,Other,Yes,1,0,56.0,1
0420-TXVSG,Technical,Yes,0,0,32.0,1
6892-BOGQE,Technical,Yes,2,0,19.33,3
4992-LTJNE,Contract,No,1,0,46.0,1
1333-PBMXB,Billing,No,0,1,55.0,1
8124-NZVGJ,Contract,No,0,1,13.0,1
5804-HYIEZ,Technical,No,1,0,37.0,1
2458-EOMRE,Technical,Yes,0,0,51.0,1
5871-DGTXZ,Billing,No,0,1,56.0,1
2074-GUHPQ,Technical,Yes,0,0,41.0,1
0058-EVZWM,Billing,No,0,1,53.0,1
3797-FKOGQ,Technical,Yes,1,0,37.5,2
7041-TXQJH,Technical,Yes,0,0,38.0,1
5536-RTPWK,Billing,Yes,0,0,55.0,1
4847-TAJYI,Contract,Yes,1,0,18.33,3
6918-UMQCG,Other,Yes,1,0,48.0,1
9313-QOLTZ,Contract,No,0,1,49.0,1
5868-CZJDR,Billing,No,0,1,51.0,1
1194-HVAIF,Technical,Yes,0,0,22.0,1
1333-PBMXB,Contract,Yes,0,0,52.0,1
1264-FUHCX,Other,Yes,1,0,12.0,1
0795-GMVQO,Technical,Yes,0,0,33.0,1
7758-XKCBS,Billing,No,0,1,12.0,1
8769-KKTPH,Contract,No,0,1,31.0,1
6297-NOOPG,Other,No,1,0,47.0,1
2882-DDZPG,Other,Yes,1,0,15.0,1
9233-PSYHO,Other,Yes,0,0,57.0,1
0254-KCJGT,Contract,Yes,0,0,52.0,1
4193-IBKSW,Other,No,0,1,42.0,1
9932-WBWIK,Billing,No,0,1,24.0,1
3936-QQFLL,Technical,Yes,0,0,43.0,1
0958-YHXGP,Technical,No,0,1,23.0,1
1089-HDMKP,Contract,No,0,1,14.0,1
6797-UCJHZ,Billing,Yes,1,0,33.5,2
0440-EKDCF,Other,Yes,1,0,37.0,1
0661-KQHNK,Other,No,0,2,17.5,2
5298-GSTLM,Billing,Yes,1,0,39.0,1
9571-EDEBV,Contract,No,0,1,46.0,1
9073-ZZIAY,Billing,Yes,0,0,5.0,1
2171-UDMFD,Billing,No,0,1,59.0,1
8190-ZTQFB,Other,Yes,0,0,12.0,1
5680-LQOGP,Other,No,0,1,26.0,1
7657-DYEPJ,Billing,Yes,0,0,7.0,1
1352-HNSAW,Billing,Yes,0,0,32.0,1
2815-CPTUL,Technical,Yes,0,0,60.0,1
3387-PLKUI,Technical,Yes,0,0,21.0,1
3315-IKYZQ,Billing,No,0,1,45.0,1
8645-KWHJO,Contract,No,0,1,10.0,1
2761-OCIAX,Technical,Yes,0,0,48.0,1
9391-EOYLI,Technical,No,1,1,40.5,2
4445-KWOKW,Technical,No,0,1,37.0,1
1790-NESIO,Billing,No,0,1,10.0,1
9305-CDSKC,Billing,Yes,0,0,37.0,1
3896-RCYYE,Other,Yes,0,0,46.0,1
6615-NGGZJ,Technical,Yes,0,0,11.0,1
7606-BPHHN,Contract,Yes,0,0,48.0,1
5961-VUSRV,Other,Yes,0,0,26.0,1
4847-QNOKA,Technical,No,1,0,10.0,1
5236-XMZJY,Contract,No,0,1,51.0,1
2171-UDMFD,Technical,Yes,1,0,28.0,2
0032-PGELS,Contract,No,0,1,40.0,1
6918-UMQCG,Billing,No,0,1,60.0,1
8608-OZTLB,Contract,No,0,1,14.0,1
1432-FPAXX,Billing,Yes,1,0,49.0,1
8099-MZPUJ,Contract,Yes,0,0,26.33,3
0058-EVZWM,Other,No,0,1,39.0,1
1722-LDZJS,Billing,No,0,1,29.0,1
0799-DDIHE,Billing,No,0,1,56.0,1
3724-BSCVH,Billing,Yes,1,0,20.5,2
8203-XJZRC,Billing,No,1,0,46.0,1
1009-IRMNA,Billing,No,0,1,50.0,1
5495-GPSRW,Technical,No,0,1,56.0,1
2251-PYLPB,Billing,Yes,1,0,19.5,2
0799-DDIHE,Technical,No,1,0,40.0,1
3470-BTGQO,Technical,Yes,0,0,47.0,1
3165-HDOEW,Technical,Yes,0,0,37.0,1
9831-BPFRI,Other,Yes,0,0,20.0,1
3452-GWUIN,Technical,Yes,0,0,32.67,3
0811-GSDTP,Technical,No,1,0,51.0,1
3750-CKVKH,Other,Yes,1,0,49.0,1
5228-EXCET,Other,No,0,1,30.0,1
5727-MYATE,Technical,Yes,0,0,11.0,1
8874-EJNSR,Technical,Yes,0,0,42.0,1
3262-EIDHV,Technical,Yes,0,0,29.0,1
6806-YDEUL,Other,No,1,0,22.0,1
5055-BRMNE,Technical,Yes,0,0,25.0,1
0440-EKDCF,Technical,No,0,1,54.0,1
9102-IAYHT,Billing,Yes,0,0,57.0,1
8194-PEEBY,Contract,No,0,1,37.0,1
5406-KGRMX,Technical,No,0,1,55.0,1
8399-YNDCH,Billing,Yes,0,0,55.0,1
1265-BCFEO,Contract,Yes,0,0,52.0,1
7982-VCELR,Billing,No,0,1,25.0,1
8313-AFGBW,Other,Yes,1,0,53.0,2
4942-VZZOM,Contract,Yes,1,0,37.0,1
5651-CRHKQ,Billing,Yes,0,0,42.0,1
0868-VJRDR,Technical,No,0,1,40.0,1
8878-RYUKI,Technical,Yes,0,0,31.0,1
9564-KCLHR,Other,Yes,0,0,17.0,1
5934-RMPOV,Billing,No,0,1,58.0,1
2115-BFTIW,Other,Yes,0,0,15.0,1
9867-NNXLC,Contract,No,1,1,55.5,2
1385-TQOZW,Other,Yes,0,0,14.0,1
1084-MNSMJ,Contract,No,1,0,46.0,1
4187-CINZD,Contract,Yes,0,0,29.5,2
5751-USDBL,Other,No,0,1,24.0,1
6308-CQRBU,Technical,No,0,1,41.0,1
1899-VXWXM,Contract,Yes,0,0,32.0,1
0058-EVZWM,Billing,Yes,0,0,18.0,1
4822-LPTYJ,Contract,Yes,0,0,14.0,1
5055-BRMNE,Technical,No,0,1,23.0,1
9025-ZRPVR,Contract,No,0,1,11.0,1
8314-HTWVE,Contract,Yes,1,0,15.0,1
2455-USLMV,Other,No,0,2,27.0,2
5940-AHUHD,Contract,No,1,0,29.0,1
4452-QIIEB,Other,No,1,1,26.0,2
7109-MFBYV,Other,Yes,0,0,32.0,1
8565-WUXZU,Billing,Yes,0,0,18.0,1
3458-IDMFK,Contract,Yes,0,0,23.0,1
7878-JGDKK,Other,Yes,0,0,37.0,1
4452-QIIEB,Technical,Yes,1,0,29.0,1
8224-UAXBZ,Other,Yes,0,0,45.0,1
6131-IUNXN,Billing,Yes,1,0,47.0,1
5565-FILXA,Contract,Yes,2,0,45.5,2
1899-VXWXM,Billing,Yes,0,0,29.0,1
5087-SUURX,Contract,Yes,0,0,43.0,1
1265-BCFEO,Other,No,0,2,25.5,2
6927-WTFIV,Technical,Yes,0,0,27.0,1
5442-XSDCW,Contract,Yes,1,0,13.0,1
3797-FKOGQ,Contract,Yes,0,0,5.0,1
9738-QLWTP,Contract,No,0,1,46.0,1
1047-RNXZV,Billing,No,0,1,20.0,1
8592-PLTMQ,Billing,Yes,0,0,22.5,2
3489-VSFRD,Technical,Yes,0,0,23.0,1
8780-RSYYU,Contract,Yes,0,0,29.0,1
1320-GVNHT,Technical,Yes,0,0,49.0,1
9470-RTWDV,Technical,No,1,0,28.0,1
5012-YSPJJ,Contract,No,0,3,34.67,3
5504-WSIUR,Other,Yes,0,0,46.0,1
4860-IJUDE,Other,Yes,1,0,19.0,1
2400-XIWIO,Contract,No,1,0,20.0,1
4686-UXDML,Other,Yes,0,0,38.0,1
8404-GFGCZ,Billing,No,0,1,53.0,1
9127-QRZMH,Other,Yes,0,0,22.0,1
8780-RSYYU,Billing,Yes,1,0,14.0,1
7718-UPSKJ,Contract,No,1,0,44.0,1
2828-SLQPF,Contract,Yes,0,0,19.5,2
9497-QCMMS,Billing,Yes,1,0,47.5,2
6285-FTQBF,Billing,Yes,0,0,49.0,1
6217-TOWGS,Contract,Yes,0,0,22.0,1
2589-AYCRP,Contract,Yes,1,0,42.33,3
6289-CPNLD,Contract,No,0,1,11.0,1
5680-LQOGP,Billing,Yes,0,0,27.0,1
9054-FOWNV,Billing,Yes,0,0,26.0,1
0733-VUNUW,Contract,No,0,1,36.0,1
7359-PTSXY,Other,No,1,1,31.0,2
6360-SVNWV,Other,Yes,0,0,13.0,1
4884-ZTHVF,Contract,No,1,0,8.0,1
3030-YDNRM,Technical,No,0,1,26.0,1
3769-MHZNV,Contract,Yes,0,0,10.0,1
2925-VDZHY,Technical,Yes,0,0,53.0,1
4060-LDNLU,Billing,Yes,1,0,30.0,2
9500-LTVBP,Billing,Yes,0,0,42.0,1
2088-IEBAU,Contract,No,1,0,10.0,1
0689-NKYLF,Contract,No,0,1,9.0,1
8715-KKTFG,Technical,Yes,0,0,54.5,2
4480-MBMLB,Contract,Yes,0,0,38.5,2
9693-XMUOB,Technical,No,0,2,17.5,2
2460-NGXBJ,Billing,Yes,0,0,31.0,1
7657-DYEPJ,Technical,No,0,1,57.0,1
7072-MBHEV,Contract,No,0,1,42.0,1
2925-VDZHY,Contract,No,0,1,56.0,1
6994-KERXL,Other,No,1,1,26.5,2
1485-YDHMM,Technical,No,0,1,42.0,1
2682-KEVRP,Other,No,1,0,6.0,1
1106-HRLKZ,Billing,Yes,0,0,59.0,1
4274-DRSQT,Billing,No,1,0,36.0,1
6439-GTPCA,Other,Yes,0,0,28.0,1
2867-UIMSS,Billing,Yes,1,0,30.0,1
3896-RCYYE,Other,No,0,1,24.0,1
3096-WPXBT,Other,No,0,1,40.0,1
1569-TTNYJ,Other,No,1,0,26.0,1
9564-KCLHR,Technical,Yes,2,0,40.5,2
7243-LCGGZ,Technical,Yes,0,0,53.0,1
3969-JQABI,Contract,Yes,0,0,45.0,1
1320-GVNHT,Billing,Yes,0,0,36.0,2
3391-JSQEW,Contract,Yes,1,0,44.0,2
7379-POKDZ,Other,No,0,1,42.0,1
8634-CILSZ,Technical,No,0,1,60.0,1
9286-BHDQG,Technical,No,1,0,42.0,1
4550-EVXNY,Contract,No,0,1,21.0,1
7336-RLLRH,Other,No,0,1,39.0,1
5791-KAJFD,Other,No,0,1,43.0,1
3470-BTGQO,Billing,Yes,0,0,48.0,1
9367-WXLCH,Technical,No,1,0,23.0,1
0384-RVBPI,Billing,Yes,0,0,40.0,1
5242-UOWHD,Contract,No,0,1,30.0,1
8325-QRPZR,Contract,Yes,0,0,9.0,1
7416-CKTEP,Billing,No,1,0,34.0,1
7717-BICXI,Contract,Yes,1,0,17.33,3
0428-AXXLJ,Technical,No,0,1,47.0,1
4274-OWWYO,Billing,Yes,0,0,53.0,1
8627-ZYGSZ,Billing,Yes,0,0,30.0,1
7244-QWYHG,Contract,No,0,1,46.0,1
4504-YOULA,Contract,Yes,1,0,37.0,1
1414-YADCW,Technical,Yes,1,0,31.0,1
7296-PIXQY,Billing,Yes,1,0,18.0,1
2480-SQIOB,Technical,No,0,1,60.0,1
6994-KERXL,Contract,Yes,1,0,33.0,1
3058-WQDRE,Contract,Yes,0,0,10.0,1
6180-YBIQI,Technical,Yes,1,0,19.0,1
6807-SIWJI,Other,Yes,2,0,29.5,2
2480-SQIOB,Other,No,1,0,32.0,1
1262-OPMFY,Billing,No,0,1,35.0,1
1150-FTQGN,Billing,No,0,1,33.0,1
0939-EREMR,Technical,Yes,0,0,12.0,1
6510-UPNKS,Technical,No,1,0,25.0,1
1403-GYAFU,Contract,No,1,1,47.5,2
1728-BQDMA,Billing,Yes,0,0,46.0,1
4376-KFVRS,Billing,Yes,1,0,50.0,1
6258-NGCNG,Other,No,0,1,12.0,1
1506-YJTYT,Billing,Yes,0,0,55.0,1
6386-SZZKH,Contract,No,0,1,36.0,1
9092-GDZKO,Billing,Yes,0,0,14.0,1
2636-ALXXZ,Other,No,1,1,33.5,2
0354-VXMJC,Technical,Yes,0,0,6.0,1
0562-HKHML,Contract,No,1,0,18.0,1
3001-CBHLQ,Billing,No,0,1,11.0,1
7410-OIEDU,Billing,No,0,1,40.0,1
9776-OJUZI,Technical,No,0,1,49.0,1
9492-TOKRI,Technical,Yes,0,0,44.0,1
5248-RPYWW,Billing,No,0,1,28.0,1
9391-DXGGG,Billing,Yes,0,0,47.0,1
9136-ALYBR,Contract,No,1,1,23.5,2
3904-UKFRE,Billing,Yes,0,0,41.0,1
1309-BXVOQ,Other,Yes,0,0,40.0,1
6231-WFGFH,Other,Yes,0,0,28.0,1
6674-KVJHG,Technical,No,0,1,59.0,1
3884-HCSWG,Technical,Yes,0,0,25.0,2
4860-IJUDE,Contract,No,1,0,50.0,1
2990-IAJSV,Other,Yes,0,0,26.0,1
9058-HRZSV,Other,Yes,1,0,55.0,1
5222-IMUKT,Billing,Yes,0,0,28.0,1
1657-DYMBM,Contract,No,0,2,22.0,2
8183-ONMXC,Contract,Yes,0,0,39.0,1
4919-IKATY,Technical,No,0,1,24.0,1
6194-HBGQN,Technical,No,0,1,38.0,1
3927-NLNRY,Billing,Yes,0,0,27.0,2
9560-ARGQJ,Contract,No,0,1,48.0,1
0082-OQIQY,Contract,Yes,1,0,54.0,1
9742-XOKTS,Technical,Yes,0,0,19.0,1
3489-VSFRD,Contract,Yes,0,0,37.5,2
3211-ILJTT,Other,Yes,1,0,25.0,1
4060-LDNLU,Other,No,1,0,47.0,1
6807-SIWJI,Billing,No,0,1,44.0,1
5019-GQVCR,Technical,No,0,1,16.0,1
4504-YOULA,Technical,Yes,0,0,43.0,1
2237-ZFSMY,Technical,Yes,1,0,12.0,2
5055-BRMNE,Other,No,0,1,10.0,1
5027-QPKTE,Technical,No,0,1,55.0,1
1047-RNXZV,Other,No,0,1,47.0,1
8812-ZRHFP,Other,No,0,2,47.0,2
6705-LXORM,Technical,Yes,0,0,23.0,1
4664-NJCMS,Technical,No,0,1,39.0,1
3898-GUYTS,Billing,No,0,2,29.0,2
1448-CYWKC,Technical,No,0,1,22.0,1
0442-TDYUO,Contract,Yes,0,0,34.0,1
2815-CPTUL,Contract,Yes,0,0,10.0,1
7248-VZQLC,Billing,No,1,0,35.0,1
5671-UUNXD,Contract,No,0,2,31.5,2
7520-HQWJU,Billing,Yes,0,0,14.0,1
7427-AUFPY,Contract,Yes,0,0,42.0,1
2782-LFZVW,Contract,No,1,0,18.0,1
7243-LCGGZ,Contract,No,0,1,5.0,1
1218-VKFPE,Billing,Yes,1,0,37.0,1
6242-MBHPK,Technical,No,1,0,17.0,1
7163-OCEQI,Technical,No,0,1,45.0,1
1157-BQCUW,Contract,No,0,1,28.0,1
7841-TZDMQ,Technical,Yes,0,0,48.0,1
6131-IUNXN,Contract,No,0,1,53.0,1
0611-DFXKO,Other,No,0,1,11.0,1
0623-EJQEG,Technical,No,1,1,8.5,2
2405-LBMUW,Technical,No,1,0,40.0,1
4759-TRPLW,Billing,Yes,0,0,56.0,1
9500-WBGRP,Technical,Yes,0,0,45.0,1
6473-ULUHT,Other,No,1,1,30.0,2
5514-YQENT,Technical,No,0,1,7.0,1
1907-UBQFC,Contract,No,1,0,21.0,1
9210-IAHGH,Other,Yes,0,0,40.0,1
3404-JNXAX,Contract,No,0,1,10.0,1
7207-RMRDB,Contract,No,0,1,50.0,1
5876-HZVZM,Other,No,0,1,39.0,1
1493-AMTIE,Contract,No,1,0,44.0,1
7005-CCBKV,Contract,No,1,0,33.0,1
0082-OQIQY,Billing,No,0,1,42.0,1
0780-XNZFN,Billing,Yes,1,0,29.0,2
5995-SNNEW,Technical,Yes,1,0,29.0,1
1352-HNSAW,Technical,Yes,0,0,48.0,1
1343-EHPYB,Billing,No,1,0,16.0,1
8258-GSTJK,Contract,No,0,1,51.0,1
3884-HCSWG,Other,No,0,1,50.0,1
6807-SIWJI,Other,No,1,1,26.0,2
6674-KVJHG,Technical,Yes,0,0,12.0,2
4786-UKSNZ,Technical,Yes,0,0,17.0,1
3391-JSQEW,Technical,Yes,0,0,26.0,1
2077-DDHJK,Contract,No,0,1,20.0,1
0215-BQKGS,Billing,No,0,1,53.0,1
1465-WCZVT,Other,Yes,0,0,57.0,1
7815-PDTHL,Contract,Yes,0,0,55.0,1
6386-SZZKH,Technical,Yes,0,0,35.0,1
6967-PEJLL,Contract,Yes,0,0,47.0,2
5248-RPYWW,Billing,Yes,0,0,16.0,1
8823-RLPWL,Billing,No,1,0,33.0,1
2387-KDZQY,Other,No,1,1,35.0,2
0716-BQNDX,Other,No,1,1,28.5,2
0336-PIKEI,Contract,No,1,0,29.0,1
0835-JKADZ,Billing,No,0,1,5.0,1
1399-OUPJN,Other,Yes,0,0,9.0,1
8404-GFGCZ,Contract,Yes,0,0,36.0,1
9136-ALYBR,Other,No,0,1,48.0,1
4550-EVXNY,Other,Yes,0,0,42.0,1
5630-IXDXV,Technical,No,1,2,33.0,3
3506-OVLKD,Technical,Yes,0,0,46.0,1
2761-XECQW,Other,Yes,0,0,56.0,1
0234-TEVTT,Other,No,0,1,19.0,1
5159-YFPKQ,Billing,Yes,0,0,11.0,1
1895-QTKDO,Other,No,0,1,52.0,1
7010-BRBUU,Technical,Yes,0,0,17.5,2
4187-CINZD,Technical,No,0,1,38.0,1
4786-UKSNZ,Other,No,0,1,50.0,1
2898-LSJGD,Contract,No,0,1,22.0,1
4257-GAESD,Technical,No,0,1,57.0,1
1399-OUPJN,Billing,No,0,1,27.0,1
1820-TQVEV,Other,Yes,0,0,57.0,1
5044-LRQAQ,Billing,Yes,1,0,49.0,1
1106-HRLKZ,Other,Yes,0,0,29.0,1
4343-EJVQB,Technical,Yes,0,0,38.0,1
7609-YBPXG,Billing,Yes,0,0,22.0,1
0689-DSXGL,Contract,Yes,1,0,23.0,1
1154-HYWWO,Technical,No,0,2,30.5,2
4361-BKAXE,Contract,Yes,0,0,41.0,1
2455-USLMV,Billing,Yes,1,0,35.0,1
1666-JZPZT,Contract,No,1,0,46.0,1
5321-NTRKC,Contract,Yes,0,0,6.0,1
2840-XANRC,Technical,No,1,0,49.0,1
7511-YMXVQ,Contract,No,0,1,44.0,1
5889-LFOLL,Technical,Yes,0,0,6.0,1
8761-NSOBC,Contract,Yes,0,0,30.0,1
9102-OXKFY,Contract,No,0,1,30.0,1
9932-WBWIK,Other,No,0,1,46.0,1
6752-APNJL,Contract,No,0,2,37.0,2
5504-WSIUR,Other,No,0,1,46.0,1
6164-HAQTX,Other,Yes,1,0,37.0,2
6034-YMTOB,Contract,Yes,0,0,13.0,1
8338-QIUNR,Technical,Yes,0,0,15.0,1
6704-UTUKK,Technical,No,0,1,34.0,1
4451-RWASJ,Technical,Yes,0,0,35.0,1
4667-OHGKG,Other,Yes,0,0,50.0,1
0913-XWSCN,Billing,No,0,1,43.0,1
1010-DIAUQ,Technical,No,0,1,43.0,1
2387-KDZQY,Billing,Yes,0,0,6.0,1
4433-JCGCG,Billing,No,0,1,48.0,1
6242-MBHPK,Other,Yes,0,0,50.0,1
3420-ZDBMA,Other,No,0,1,51.0,1
0975-UYDTX,Technical,No,0,1,59.0,1
4640-UHDOS,Billing,Yes,0,0,11.0,1
8109-YUOHE,Technical,Yes,1,0,56.0,1
3675-EQOZA,Billing,Yes,0,0,45.0,1
9411-TPQQV,Technical,Yes,0,0,7.0,1
0356-ERHVT,Contract,Yes,1,0,38.0,1
6614-YWYSC,Other,No,1,0,24.0,1
5727-MYATE,Billing,Yes,0,0,19.5,2
6124-ACRHJ,Billing,Yes,0,0,19.0,1
0486-HECZI,Other,Yes,1,0,6.0,1
0940-OUQEC,Technical,Yes,0,0,6.0,1
1150-FTQGN,Other,Yes,0,0,26.0,1
1013-QCWAM,Contract,Yes,0,0,58.0,1
8338-QIUNR,Billing,Yes,1,0,22.0,1
1728-BQDMA,Other,No,0,2,47.0,2
2100-BDNSN,Billing,No,0,1,10.0,1
6131-FOYAS,Contract,Yes,0,0,39.0,1
6876-ADESB,Contract,Yes,0,0,58.0,1
1334-PDUKM,Technical,No,0,1,11.0,1
4455-BFSPD,Billing,No,1,0,9.0,1
8109-YUOHE,Billing,Yes,0,0,56.0,1
8914-RBTSB,Other,No,0,1,47.0,1
2347-WKKAE,Technical,Yes,0,0,47.0,1
4640-UHDOS,Technical,No,0,1,19.0,1
9540-JYROE,Other,No,0,2,32.5,2
0505-SPOOW,Billing,Yes,0,0,20.0,1
1618-CFHME,Technical,Yes,0,0,45.0,1
5527-ACHSO,Technical,Yes,0,0,51.0,1
4879-GZLFH,Technical,No,1,0,47.0,1
7131-ZQZNK,Other,No,0,1,51.0,1
3001-CBHLQ,Technical,Yes,0,0,28.0,1
3506-OVLKD,Other,Yes,1,0,9.0,1
7530-HDYDS,Billing,Yes,0,0,31.5,2
1333-PBMXB,Technical,Yes,1,0,24.0,2
9537-JALFH,Other,No,0,1,54.0,1
4611-ANLQC,Contract,No,0,1,38.0,1
6227-HWPWX,Contract,Yes,0,0,20.0,1
5871-DGTXZ,Contract,No,0,1,52.0,1
9079-YEXQJ,Other,No,0,1,60.0,1
5791-KAJFD,Billing,Yes,1,0,5.0,1
8203-XJZRC,Technical,Yes,0,0,20.0,1
2587-YNLES,Technical,No,0,1,15.0,1
6258-NGCNG,Billing,No,0,1,23.0,1
7248-VZQLC,Contract,Yes,1,0,57.0,1
7416-CKTEP,Other,Yes,0,0,30.0,1
3884-HCSWG,Contract,No,0,1,53.0,1
4667-OHGKG,Contract,Yes,0,0,25.0,1
2977-CEBSX,Contract,No,1,1,13.0,1
4611-ANLQC,Other,Yes,0,0,16.0,1
3588-WSTTJ,Contract,Yes,0,0,45.0,1
4750-UKWJK,Technical,Yes,0,0,56.0,1
1894-IGFSG,Technical,No,0,1,60.0,1
4026-SKKHW,Contract,Yes,1,0,47.0,2
3164-AALRN,Billing,Yes,0,0,7.0,1
6369-MCAKO,Contract,Yes,0,0,53.0,1
1784-EZDKJ,Contract,Yes,0,0,46.0,1
6096-EGVTU,Other,No,0,1,15.0,1
9210-IAHGH,Technical,No,0,2,56.5,2
1456-TWCGB,Billing,Yes,0,0,40.0,1
8645-KWHJO,Other,Yes,1,0,16.0,1
6217-KDYWC,Billing,Yes,1,0,45.0,1
1415-YFWLT,Billing,Yes,0,0,35.0,1
1814-DKOLC,Other,No,0,1,34.0,1
8124-NZVGJ,Billing,No,1,0,59.0,1
8100-HZZLJ,Other,Yes,0,0,28.0,1
5542-DHSXL,Contract,Yes,1,0,29.0,1
9921-EZKBY,Technical,No,0,1,52.0,1
5940-AHUHD,Technical,No,0,1,26.0,1
2984-RGEYA,Billing,Yes,0,0,25.0,1
3870-SPZSI,Other,No,1,0,5.0,1
6986-IJDHX,Contract,Yes,1,0,38.0,1
4664-NJCMS,Contract,No,1,1,20.5,2
3372-KWFBM,Technical,No,0,1,52.0,1
2380-DAMQP,Other,Yes,1,0,26.0,1
0897-FEGMU,Billing,No,0,1,23.0,1
4732-RRJZC,Billing,No,1,1,40.5,2
1814-DKOLC,Technical,Yes,0,0,6.0,1
7244-QWYHG,Technical,No,0,1,16.0,1
2088-IEBAU,Technical,No,1,0,32.0,1
3086-RUCRN,Billing,No,0,1,15.0,1
5813-UECBU,Billing,No,0,1,59.0,1
4929-ROART,Billing,Yes,0,0,19.0,1
2956-GGUCQ,Technical,Yes,0,0,44.0,1
4032-RMHCI,Other,Yes,0,0,51.0,1
2761-XECQW,Technical,Yes,0,0,43.0,1
4282-MSACW,Other,Yes,1,0,59.0,1
5536-RTPWK,Contract,No,0,1,53.0,1
9139-TWBAS,Billing,No,1,0,49.0,1
1265-BCFEO,Billing,Yes,0,0,47.0,1
1618-CFHME,Technical,No,0,1,14.0,1
7602-MVRMB,Contract,Yes,1,0,34.0,1
3638-DIMPH,Other,No,0,1,42.0,1
1142-IHLOO,Other,No,0,1,7.0,1
5313-FPXWG,Other,Yes,0,0,5.0,1
9143-CANJF,Billing,Yes,0,0,32.0,1
8690-ZVLCL,Other,Yes,1,0,36.0,2
7094-MSZAO,Billing,Yes,0,0,8.0,1
4445-KWOKW,Billing,No,1,0,15.0,1
6734-GMPVK,Technical,No,0,1,32.0,1
1493-AMTIE,Other,No,0,1,39.0,1
3932-CMDTD,Other,Yes,0,0,46.0,1
0258-NOKBL,Billing,Yes,0,0,50.0,1
0013-EXCHZ,Contract,Yes,2,0,41.0,2
1084-MNSMJ,Other,Yes,1,0,35.5,2
2828-SLQPF,Contract,No,0,1,31.0,1
1009-IRMNA,Contract,No,1,0,57.0,1
2928-HLDBA,Technical,No,1,0,53.0,1
1262-OPMFY,Contract,No,1,0,23.0,1
3482-ABPKK,Billing,Yes,0,0,46.0,2
3223-DWFIO,Billing,Yes,1,0,51.0,1
6124-ACRHJ,Contract,Yes,1,0,15.0,1
9026-RNUJS,Contract,Yes,0,0,13.0,1
4199-QHJNM,Contract,Yes,1,0,36.0,1
7815-PDTHL,Other,Yes,0,0,27.0,1
0626-QXNGV,Contract,No,0,1,42.0,1
3778-FOAQW,Contract,Yes,0,0,48.5,2
8606-OEGQZ,Other,No,0,1,32.0,1
9742-XOKTS,Contract,No,0,1,55.0,1
6614-YWYSC,Other,Yes,0,0,38.0,2
6243-OZGFH,Contract,No,0,1,18.0,1
1307-ATKGB,Technical,No,0,1,30.0,1
6806-YDEUL,Billing,No,1,1,38.0,2
9025-ZRPVR,Other,Yes,0,0,14.0,1
5701-SVCWR,Technical,Yes,0,0,38.0,1
7558-IMLMT,Other,No,0,2,34.0,2
6082-OQFBA,Other,No,0,1,20.0,1
4581-LNWUM,Contract,No,0,2,41.0,2
2380-DAMQP,Contract,Yes,0,0,43.0,1
1309-BXVOQ,Other,No,0,1,5.0,1
3458-IDMFK,Billing,Yes,1,0,26.0,1
3235-ETOOB,Contract,Yes,1,0,19.0,1
7570-WELNY,Technical,No,0,1,36.0,1
7072-MBHEV,Contract,Yes,0,0,15.0,1
5016-LIPDW,Billing,No,1,0,9.0,1
1391-UBDAR,Billing,No,1,1,49.0,2
4404-HIBDJ,Contract,No,1,1,52.5,2
8513-OLYGY,Contract,No,1,1,34.0,2
0254-KCJGT,Technical,No,0,1,10.0,1
4451-RWASJ,Billing,No,0,1,18.0,1
4274-OWWYO,Billing,No,0,1,15.0,1
4060-LDNLU,Billing,No,0,1,6.0,1
4903-UYAVB,Contract,No,0,1,26.0,1
9867-NNXLC,Contract,Yes,1,0,14.0,1
0311-QYWSS,Technical,No,0,1,21.0,1
9906-NHHVC,Billing,No,0,2,28.0,2
6791-YBNAK,Contract,No,0,1,49.0,1
9921-EZKBY,Technical,Yes,0,0,53.0,1
0897-FEGMU,Other,Yes,0,0,47.0,1
1415-YFWLT,Technical,No,0,1,23.0,1
7657-DYEPJ,Contract,Yes,1,0,59.0,1
4376-KFVRS,Other,No,0,1,47.0,1
3030-YDNRM,Billing,Yes,1,0,59.0,1
9537-VHDTA,Billing,Yes,1,0,24.5,2
5708-EVONK,Billing,Yes,0,0,8.0,1
2330-PQGDQ,Technical,Yes,1,0,52.5,2
8902-ZEOVF,Billing,Yes,1,0,38.0,1
6072-NUQCB,Other,No,0,1,29.0,1
5376-PCKNB,Technical,No,1,0,37.0,1
1262-OPMFY,Contract,Yes,1,0,48.0,1
7311-MQJCH,Technical,Yes,0,0,11.0,1
2812-ENYMO,Billing,No,0,1,51.0,1
2203-GHNWN,Other,No,0,1,39.0,1
7998-WNZEM,Contract,No,0,1,42.0,1
0420-HLGXF,Other,Yes,0,0,28.0,1
7860-UXCRM,Billing,No,1,1,29.5,2
1106-HRLKZ,Contract,Yes,0,0,41.0,1
6285-FTQBF,Billing,No,0,1,46.0,1
2977-CEBSX,Contract,Yes,0,0,10.0,1
6857-VWJDT,Other,No,1,0,60.0,1
4328-VUFWD,Technical,Yes,1,0,8.0,1
5135-GRQJV,Technical,Yes,0,0,44.0,1
5494-WOZRZ,Billing,Yes,0,0,27.0,1
4291-SHSBH,Other,No,1,0,58.0,1
2882-DDZPG,Technical,No,0,1,37.0,1
0336-PIKEI,Technical,No,0,1,35.0,1
3606-TWKGI,Technical,No,0,2,50.0,2
7005-CCBKV,Other,Yes,1,0,21.0,1
5028-GZLDO,Other,Yes,0,0,30.0,1
1644-IRKSF,Contract,Yes,0,0,29.0,2
2946-KIQSP,Contract,No,0,1,23.0,1
0480-BIXDE,Other,Yes,1,0,29.0,1
4328-VUFWD,Technical,No,0,1,48.0,1
3606-SBKRY,Billing,No,0,1,12.0,1
1407-DIGZV,Other,Yes,0,0,56.0,1
7831-QGOXH,Billing,Yes,1,0,33.0,1
3001-CBHLQ,Other,Yes,0,0,39.0,2
6705-LXORM,Billing,No,0,1,58.0,1
4678-DVQEO,Other,Yes,1,0,58.0,1
0913-XWSCN,Contract,Yes,0,0,21.0,1
6164-HAQTX,Other,No,1,0,24.0,1
2391-SOORI,Other,Yes,1,0,36.0,1
4797-AXPXK,Other,Yes,0,0,13.0,1
5380-XPJNZ,Billing,No,0,1,22.0,1
7530-HDYDS,Technical,No,0,1,58.0,1
0939-EREMR,Technical,No,1,1,34.5,2
5349-AZPEW,Technical,Yes,0,0,18.0,1
6615-NGGZJ,Other,No,0,1,46.0,1
6030-REHUX,Technical,No,1,1,46.0,2
9391-TTOYH,Other,Yes,0,0,58.0,1
9386-LDCZR,Other,No,1,0,57.0,1
8111-RKSPX,Technical,No,0,1,54.0,1
2990-HWIML,Contract,Yes,0,0,20.0,1
8337-MSSXB,Billing,Yes,0,0,14.0,1
2565-JSLRY,Other,No,1,0,13.0,1
0017-DINOC,Other,No,0,1,49.0,1
4199-QHJNM,Billing,Yes,0,0,49.0,1
5321-NTRKC,Billing,Yes,0,0,30.0,1
8268-YDIXR,Contract,No,0,1,12.0,1
5176-LMJXE,Contract,No,0,1,42.0,1
7010-BRBUU,Other,Yes,1,0,54.0,1
2251-PYLPB,Technical,No,1,1,44.0,2
7853-OETYL,Other,No,0,1,41.0,1
7133-VBDCG,Contract,No,1,0,43.0,1
7602-MVRMB,Billing,No,0,1,23.0,1
7114-AEOZE,Billing,Yes,0,0,12.0,1
4104-PVRPS,Other,Yes,0,0,26.0,1
0742-LAFQK,Billing,No,1,0,33.0,1
3143-ILDAL,Technical,Yes,0,0,14.0,1
9391-TTOYH,Billing,No,1,0,57.0,1
6994-FGRHH,Billing,Yes,1,0,55.0,1
0336-PIKEI,Billing,No,0,1,40.0,1
6896-SRVYQ,Billing,No,0,1,24.0,1
6421-SZVEM,Technical,No,0,1,13.0,1
1306-RPWXZ,Contract,Yes,0,0,56.0,1
9637-EIHEQ,Billing,No,0,2,27.0,2
4232-JGKIY,Billing,Yes,1,0,19.5,2
2088-IEBAU,Contract,Yes,0,0,26.0,1
7586-ZATGZ,Other,Yes,0,0,54.0,1
6082-OQFBA,Technical,Yes,0,0,38.5,2
5429-LWCMV,Billing,Yes,0,0,54.0,1
5876-HZVZM,Billing,Yes,0,0,49.0,1
4979-HPRFL,Technical,No,0,1,44.0,1
3606-TWKGI,Billing,Yes,0,0,15.0,1
5208-FVQKB,Technical,No,0,1,40.0,1
3853-LYGAM,Billing,Yes,0,0,47.0,2
7576-JMYWV,Contract,No,0,1,33.0,1
3420-ZDBMA,Technical,No,0,1,34.0,1
7147-AYBAA,Other,Yes,0,0,41.0,1
4423-JWZJN,Contract,No,0,1,46.0,1
4423-JWZJN,Technical,No,0,1,42.0,1
0013-EXCHZ,Billing,Yes,1,0,5.0,1
4892-VLANZ,Other,Yes,0,0,15.0,1
4732-RRJZC,Contract,No,1,0,35.0,1
9681-OXGVC,Technical,No,1,0,37.0,1
9102-IAYHT,Billing,No,0,1,22.0,1
2101-RANCD,Other,Yes,1,0,18.0,1
6229-UOLQL,Technical,No,2,1,26.33,3
4915-BFSXL,Technical,Yes,1,0,31.0,1
9396-ZSFLL,Technical,No,0,2,49.5,2
2081-VEYEH,Contract,No,0,1,16.0,1
9780-FKVVF,Technical,No,0,1,41.0,1
7114-AEOZE,Other,Yes,0,0,27.0,1
8338-QIUNR,Contract,No,0,1,28.0,1
6030-REHUX,Billing,Yes,0,0,37.0,1
3211-AAPKX,Billing,No,0,1,26.0,1
6646-VRFOL,Billing,Yes,0,0,49.0,1
5956-VKDTT,Billing,Yes,0,0,51.0,1
4566-NECEV,Contract,Yes,1,0,16.0,1
9396-ZSFLL,Billing,Yes,0,0,36.0,1
9494-BDNNC,Technical,Yes,1,0,40.0,1
7852-LECYP,Contract,No,1,0,16.0,1
3750-CKVKH,Technical,Yes,0,0,35.5,2
5242-UOWHD,Other,No,0,1,5.0,1
